Avatar,Chart-11,correct,1
Avatar,Chart-13,unknown,105
Avatar,Chart-13,unknown,106
Avatar,Chart-13,unknown,107
Avatar,Chart-15,unknown,23
Avatar,Chart-15,unknown,24
Avatar,Chart-24,correct,1
Avatar,Chart-25,overfitting,15
Avatar,Chart-25,overfitting,18
Avatar,Chart-25,overfitting,3
Avatar,Chart-25,overfitting,4
Avatar,Chart-25,overfitting,7
Avatar,Chart-25,unknown,100
Avatar,Chart-25,unknown,101
Avatar,Chart-25,unknown,2
Avatar,Chart-25,unknown,85
Avatar,Chart-25,unknown,86
Avatar,Chart-25,unknown,87
Avatar,Chart-25,unknown,88
Avatar,Chart-25,unknown,89
Avatar,Chart-25,unknown,90
Avatar,Chart-25,unknown,91
Avatar,Chart-25,unknown,92
Avatar,Chart-25,unknown,93
Avatar,Chart-25,unknown,94
Avatar,Chart-25,unknown,95
Avatar,Chart-25,unknown,96
Avatar,Chart-25,unknown,97
Avatar,Chart-25,unknown,98
Avatar,Chart-25,unknown,99
Avatar,Chart-26,unknown,36
Avatar,Chart-26,unknown,37
Avatar,Chart-26,unknown,38
Avatar,Chart-26,unknown,39
Avatar,Chart-26,unknown,40
Avatar,Chart-7,overfitting,1
Avatar,Chart-7,overfitting,2
Avatar,Chart-7,overfitting,4
Avatar,Chart-7,overfitting,42
Avatar,Chart-7,overfitting,43
Avatar,Chart-7,overfitting,44
Avatar,Chart-7,overfitting,45
Avatar,Chart-7,overfitting,5
Avatar,Closure-126,overfitting,355
Avatar,Closure-126,overfitting,5
Avatar,Closure-21,overfitting,25
Avatar,Closure-21,unknown,11
Avatar,Closure-46,correct,1
Avatar,Closure-62,correct,2
Avatar,Closure-62,overfitting,1
Avatar,Closure-62,overfitting,13
Avatar,Closure-62,overfitting,14
Avatar,Closure-62,overfitting,15
Avatar,Closure-62,overfitting,3
Avatar,Closure-73,correct,4
Avatar,Lang-10,unknown,0
Avatar,Lang-10,unknown,1
Avatar,Lang-10,unknown,2
Avatar,Lang-44,overfitting,4
Avatar,Lang-44,unknown,13
Avatar,Lang-44,unknown,16
Avatar,Lang-44,unknown,17
Avatar,Lang-44,unknown,18
Avatar,Lang-51,overfitting,11
Avatar,Lang-57,correct,6
Avatar,Lang-57,overfitting,0
Avatar,Lang-58,overfitting,5
Avatar,Lang-58,overfitting,6
Avatar,Lang-58,overfitting,7
Avatar,Lang-58,overfitting,84
Avatar,Lang-58,overfitting,9
Avatar,Lang-59,correct,1
Avatar,Lang-63,unknown,14
Avatar,Math-28,unknown,89
Avatar,Math-28,unknown,90
Avatar,Math-28,unknown,91
Avatar,Math-28,unknown,92
Avatar,Math-28,unknown,93
Avatar,Math-28,unknown,94
Avatar,Math-28,unknown,95
Avatar,Math-28,unknown,96
Avatar,Math-28,unknown,97
Avatar,Math-28,unknown,98
Avatar,Math-49,overfitting,14
Avatar,Math-49,unknown,4
Avatar,Math-49,unknown,5
Avatar,Math-50,overfitting,360
Avatar,Math-50,overfitting,361
Avatar,Math-50,overfitting,366
Avatar,Math-50,overfitting,369
Avatar,Math-50,overfitting,371
Avatar,Math-50,overfitting,372
Avatar,Math-50,overfitting,373
Avatar,Math-59,correct,1
Avatar,Math-6,unknown,0
Avatar,Math-62,overfitting,0
Avatar,Math-62,unknown,1
Avatar,Math-73,unknown,10
Avatar,Math-80,overfitting,1278
Avatar,Math-80,overfitting,32
Avatar,Math-82,correct,1
Avatar,Math-82,overfitting,0
Avatar,Math-82,overfitting,2
Avatar,Math-89,correct,2
Avatar,Mockito-29,correct,1
Avatar,Mockito-29,overfitting,0
Avatar,Mockito-29,overfitting,2
Avatar,Mockito-38,correct,1
Avatar,Time-7,correct,1
FixMiner,Chart-11,correct,1
FixMiner,Chart-13,overfitting,216
FixMiner,Chart-13,unknown,100
FixMiner,Chart-13,unknown,101
FixMiner,Chart-13,unknown,102
FixMiner,Chart-13,unknown,103
FixMiner,Chart-13,unknown,104
FixMiner,Chart-13,unknown,4
FixMiner,Chart-13,unknown,61
FixMiner,Chart-13,unknown,62
FixMiner,Chart-13,unknown,63
FixMiner,Chart-13,unknown,65
FixMiner,Chart-13,unknown,67
FixMiner,Chart-13,unknown,69
FixMiner,Chart-13,unknown,70
FixMiner,Chart-13,unknown,71
FixMiner,Chart-13,unknown,72
FixMiner,Chart-13,unknown,73
FixMiner,Chart-13,unknown,74
FixMiner,Chart-13,unknown,75
FixMiner,Chart-13,unknown,77
FixMiner,Chart-13,unknown,79
FixMiner,Chart-13,unknown,80
FixMiner,Chart-13,unknown,81
FixMiner,Chart-13,unknown,83
FixMiner,Chart-13,unknown,85
FixMiner,Chart-13,unknown,86
FixMiner,Chart-13,unknown,87
FixMiner,Chart-13,unknown,88
FixMiner,Chart-13,unknown,90
FixMiner,Chart-13,unknown,91
FixMiner,Chart-13,unknown,93
FixMiner,Chart-13,unknown,95
FixMiner,Chart-13,unknown,96
FixMiner,Chart-13,unknown,97
FixMiner,Chart-13,unknown,98
FixMiner,Chart-13,unknown,99
FixMiner,Chart-15,overfitting,5
FixMiner,Chart-15,unknown,20
FixMiner,Chart-24,correct,1
FixMiner,Chart-26,unknown,22
FixMiner,Chart-26,unknown,23
FixMiner,Chart-26,unknown,24
FixMiner,Chart-26,unknown,25
FixMiner,Chart-4,correct,1
FixMiner,Chart-4,correct,3
FixMiner,Lang-57,correct,1
FixMiner,Lang-57,correct,2
FixMiner,Lang-57,overfitting,0
FixMiner,Lang-57,overfitting,1
FixMiner,Lang-57,overfitting,2
FixMiner,Lang-58,overfitting,5
FixMiner,Lang-58,overfitting,6
FixMiner,Lang-58,overfitting,68
FixMiner,Lang-58,overfitting,9
FixMiner,Lang-59,correct,1
FixMiner,Lang-63,unknown,14
FixMiner,Math-30,correct,1
FixMiner,Math-30,correct,2
FixMiner,Math-30,overfitting,5
FixMiner,Math-34,correct,1
FixMiner,Math-50,overfitting,387
FixMiner,Math-63,overfitting,10
FixMiner,Math-63,overfitting,13
FixMiner,Math-63,unknown,0
FixMiner,Math-63,unknown,1
FixMiner,Math-63,unknown,10
FixMiner,Math-63,unknown,11
FixMiner,Math-63,unknown,12
FixMiner,Math-63,unknown,13
FixMiner,Math-63,unknown,14
FixMiner,Math-63,unknown,15
FixMiner,Math-63,unknown,16
FixMiner,Math-63,unknown,17
FixMiner,Math-63,unknown,18
FixMiner,Math-63,unknown,19
FixMiner,Math-63,unknown,2
FixMiner,Math-63,unknown,20
FixMiner,Math-63,unknown,21
FixMiner,Math-63,unknown,22
FixMiner,Math-63,unknown,23
FixMiner,Math-63,unknown,24
FixMiner,Math-63,unknown,25
FixMiner,Math-63,unknown,26
FixMiner,Math-63,unknown,27
FixMiner,Math-63,unknown,3
FixMiner,Math-63,unknown,4
FixMiner,Math-63,unknown,5
FixMiner,Math-63,unknown,6
FixMiner,Math-63,unknown,7
FixMiner,Math-63,unknown,8
FixMiner,Math-63,unknown,9
FixMiner,Math-70,correct,1
FixMiner,Math-70,overfitting,144
FixMiner,Math-75,correct,1
FixMiner,Math-85,overfitting,27
Nopol,Chart-13,overfitting,11
Nopol,Chart-13,unknown,0
Nopol,Chart-13,unknown,1
Nopol,Chart-13,unknown,2
Nopol,Chart-13,unknown,3
Nopol,Chart-17,overfitting,1
Nopol,Chart-17,unknown,0
Nopol,Chart-17,unknown,1
Nopol,Chart-21,unknown,0
Nopol,Chart-21,unknown,1
Nopol,Chart-25,overfitting,0
Nopol,Chart-25,unknown,0
Nopol,Chart-25,unknown,1
Nopol,Chart-25,unknown,10
Nopol,Chart-25,unknown,11
Nopol,Chart-25,unknown,2
Nopol,Chart-25,unknown,3
Nopol,Chart-25,unknown,4
Nopol,Chart-25,unknown,5
Nopol,Chart-25,unknown,6
Nopol,Chart-25,unknown,7
Nopol,Chart-25,unknown,8
Nopol,Chart-25,unknown,9
Nopol,Chart-26,overfitting,0
Nopol,Chart-26,unknown,0
Nopol,Chart-26,unknown,1
Nopol,Chart-26,unknown,2
Nopol,Chart-26,unknown,3
Nopol,Chart-26,unknown,4
Nopol,Chart-26,unknown,5
Nopol,Chart-26,unknown,6
Nopol,Chart-5,overfitting,2
Nopol,Chart-9,overfitting,10
Nopol,Chart-9,overfitting,11
Nopol,Chart-9,overfitting,12
Nopol,Chart-9,overfitting,13
Nopol,Chart-9,overfitting,4
Nopol,Chart-9,overfitting,5
Nopol,Chart-9,overfitting,6
Nopol,Chart-9,overfitting,7
Nopol,Chart-9,overfitting,8
Nopol,Chart-9,overfitting,9
Nopol,Closure-1,unknown,0
Nopol,Closure-114,unknown,0
Nopol,Closure-114,unknown,1
Nopol,Closure-115,unknown,0
Nopol,Closure-115,unknown,1
Nopol,Closure-116,unknown,0
Nopol,Closure-120,unknown,0
Nopol,Closure-120,unknown,1
Nopol,Closure-120,unknown,2
Nopol,Closure-121,unknown,0
Nopol,Closure-121,unknown,1
Nopol,Closure-121,unknown,2
Nopol,Closure-125,unknown,0
Nopol,Closure-125,unknown,1
Nopol,Closure-126,overfitting,343
Nopol,Closure-126,overfitting,344
Nopol,Closure-126,overfitting,345
Nopol,Closure-126,overfitting,346
Nopol,Closure-127,unknown,0
Nopol,Closure-129,unknown,0
Nopol,Closure-129,unknown,1
Nopol,Closure-13,unknown,0
Nopol,Closure-130,unknown,0
Nopol,Closure-130,unknown,1
Nopol,Closure-130,unknown,10
Nopol,Closure-130,unknown,11
Nopol,Closure-130,unknown,12
Nopol,Closure-130,unknown,13
Nopol,Closure-130,unknown,14
Nopol,Closure-130,unknown,15
Nopol,Closure-130,unknown,16
Nopol,Closure-130,unknown,17
Nopol,Closure-130,unknown,18
Nopol,Closure-130,unknown,19
Nopol,Closure-130,unknown,2
Nopol,Closure-130,unknown,20
Nopol,Closure-130,unknown,21
Nopol,Closure-130,unknown,3
Nopol,Closure-130,unknown,4
Nopol,Closure-130,unknown,5
Nopol,Closure-130,unknown,6
Nopol,Closure-130,unknown,7
Nopol,Closure-130,unknown,8
Nopol,Closure-130,unknown,9
Nopol,Closure-131,unknown,0
Nopol,Closure-131,unknown,1
Nopol,Closure-132,unknown,0
Nopol,Closure-16,unknown,0
Nopol,Closure-17,unknown,0
Nopol,Closure-18,unknown,0
Nopol,Closure-20,unknown,0
Nopol,Closure-21,overfitting,251
Nopol,Closure-21,unknown,0
Nopol,Closure-21,unknown,1
Nopol,Closure-22,unknown,0
Nopol,Closure-22,unknown,1
Nopol,Closure-22,unknown,2
Nopol,Closure-22,unknown,3
Nopol,Closure-22,unknown,4
Nopol,Closure-22,unknown,5
Nopol,Closure-26,unknown,0
Nopol,Closure-26,unknown,1
Nopol,Closure-28,unknown,0
Nopol,Closure-28,unknown,1
Nopol,Closure-28,unknown,2
Nopol,Closure-28,unknown,3
Nopol,Closure-28,unknown,4
Nopol,Closure-28,unknown,5
Nopol,Closure-28,unknown,6
Nopol,Closure-28,unknown,7
Nopol,Closure-29,unknown,0
Nopol,Closure-30,unknown,0
Nopol,Closure-36,unknown,0
Nopol,Closure-36,unknown,1
Nopol,Closure-36,unknown,2
Nopol,Closure-36,unknown,3
Nopol,Closure-36,unknown,4
Nopol,Closure-49,unknown,0
Nopol,Closure-49,unknown,1
Nopol,Closure-5,unknown,0
Nopol,Closure-50,unknown,0
Nopol,Closure-60,unknown,0
Nopol,Closure-61,unknown,0
Nopol,Closure-62,overfitting,12
Nopol,Closure-66,unknown,0
Nopol,Closure-67,unknown,0
Nopol,Closure-72,unknown,0
Nopol,Closure-72,unknown,1
Nopol,Closure-75,unknown,0
Nopol,Closure-76,unknown,0
Nopol,Closure-8,unknown,0
Nopol,Closure-8,unknown,1
Nopol,Lang-44,unknown,0
Nopol,Lang-46,overfitting,0
Nopol,Lang-51,overfitting,136
Nopol,Lang-51,overfitting,7
Nopol,Lang-53,unknown,0
Nopol,Lang-53,unknown,1
Nopol,Lang-53,unknown,2
Nopol,Lang-53,unknown,3
Nopol,Lang-55,overfitting,25
Nopol,Lang-58,overfitting,1
Nopol,Lang-58,overfitting,59
Nopol,Math-105,overfitting,2
Nopol,Math-105,unknown,0
Nopol,Math-105,unknown,1
Nopol,Math-18,unknown,0
Nopol,Math-18,unknown,1
Nopol,Math-18,unknown,10
Nopol,Math-18,unknown,11
Nopol,Math-18,unknown,12
Nopol,Math-18,unknown,13
Nopol,Math-18,unknown,2
Nopol,Math-18,unknown,3
Nopol,Math-18,unknown,4
Nopol,Math-18,unknown,5
Nopol,Math-18,unknown,6
Nopol,Math-18,unknown,7
Nopol,Math-18,unknown,8
Nopol,Math-18,unknown,9
Nopol,Math-2,overfitting,11
Nopol,Math-2,unknown,0
Nopol,Math-2,unknown,1
Nopol,Math-2,unknown,2
Nopol,Math-2,unknown,3
Nopol,Math-20,overfitting,15
Nopol,Math-24,unknown,0
Nopol,Math-24,unknown,1
Nopol,Math-33,overfitting,4
Nopol,Math-33,overfitting,5
Nopol,Math-33,overfitting,6
Nopol,Math-33,overfitting,7
Nopol,Math-4,unknown,0
Nopol,Math-4,unknown,1
Nopol,Math-41,overfitting,0
Nopol,Math-42,overfitting,1
Nopol,Math-42,unknown,0
Nopol,Math-42,unknown,1
Nopol,Math-42,unknown,2
Nopol,Math-42,unknown,3
Nopol,Math-42,unknown,4
Nopol,Math-42,unknown,5
Nopol,Math-42,unknown,6
Nopol,Math-42,unknown,7
Nopol,Math-42,unknown,8
Nopol,Math-49,overfitting,11
Nopol,Math-49,overfitting,176
Nopol,Math-49,unknown,0
Nopol,Math-49,unknown,1
Nopol,Math-50,overfitting,352
Nopol,Math-50,overfitting,374
Nopol,Math-50,overfitting,378
Nopol,Math-50,overfitting,384
Nopol,Math-50,overfitting,386
Nopol,Math-50,overfitting,393
Nopol,Math-58,overfitting,136
Nopol,Math-58,overfitting,137
Nopol,Math-69,overfitting,0
Nopol,Math-69,unknown,0
Nopol,Math-69,unknown,1
Nopol,Math-69,unknown,2
Nopol,Math-7,overfitting,0
Nopol,Math-7,unknown,0
Nopol,Math-7,unknown,1
Nopol,Math-7,unknown,2
Nopol,Math-7,unknown,3
Nopol,Math-7,unknown,4
Nopol,Math-7,unknown,5
Nopol,Math-73,unknown,0
Nopol,Math-78,unknown,0
Nopol,Math-78,unknown,1
Nopol,Math-80,overfitting,1275
Nopol,Math-80,overfitting,37
Nopol,Math-81,overfitting,1093
Nopol,Math-81,overfitting,15
Nopol,Math-81,unknown,0
Nopol,Math-85,overfitting,25
Nopol,Math-88,unknown,0
Nopol,Math-88,unknown,1
Nopol,Math-88,unknown,2
Nopol,Math-88,unknown,3
Nopol,Time-12,unknown,0
Nopol,Time-12,unknown,1
Nopol,Time-14,unknown,0
Nopol,Time-16,unknown,0
Nopol,Time-16,unknown,1
Nopol,Time-16,unknown,2
Nopol,Time-16,unknown,3
Nopol,Time-19,unknown,0
Nopol,Time-19,unknown,1
Nopol,Time-7,overfitting,0
Nopol,Time-7,overfitting,1
Nopol,Time-7,overfitting,2
Nopol,Time-7,overfitting,3
SimFix,Chart-1,correct,4
SimFix,Chart-1,correct,5
SimFix,Chart-1,correct,7
SimFix,Chart-12,overfitting,13
SimFix,Chart-12,unknown,1
SimFix,Chart-12,unknown,2
SimFix,Chart-12,unknown,3
SimFix,Chart-12,unknown,4
SimFix,Chart-12,unknown,5
SimFix,Chart-12,unknown,6
SimFix,Chart-12,unknown,7
SimFix,Chart-18,overfitting,2
SimFix,Chart-20,correct,2
SimFix,Chart-22,unknown,0
SimFix,Chart-22,unknown,1
SimFix,Chart-22,unknown,2
SimFix,Chart-22,unknown,3
SimFix,Chart-22,unknown,4
SimFix,Chart-3,unknown,36
SimFix,Chart-7,correct,3
SimFix,Chart-7,overfitting,38
SimFix,Chart-7,overfitting,39
SimFix,Closure-106,unknown,0
SimFix,Closure-106,unknown,1
SimFix,Closure-115,overfitting,13
SimFix,Closure-115,unknown,3
SimFix,Closure-115,unknown,4
SimFix,Closure-115,unknown,5
SimFix,Closure-14,correct,2
SimFix,Closure-57,correct,2
SimFix,Closure-57,correct,3
SimFix,Closure-57,overfitting,1
SimFix,Closure-57,overfitting,2
SimFix,Closure-62,correct,3
SimFix,Closure-62,correct,5
SimFix,Closure-62,overfitting,8
SimFix,Closure-62,overfitting,9
SimFix,Closure-73,correct,5
SimFix,Closure-79,unknown,0
SimFix,Lang-33,correct,7
SimFix,Lang-33,correct,8
SimFix,Lang-41,unknown,0
SimFix,Lang-43,correct,3
SimFix,Lang-43,correct,4
SimFix,Lang-44,unknown,28
SimFix,Lang-44,unknown,29
SimFix,Lang-50,unknown,0
SimFix,Lang-50,unknown,1
SimFix,Lang-50,unknown,2
SimFix,Lang-50,unknown,3
SimFix,Lang-50,unknown,4
SimFix,Lang-50,unknown,5
SimFix,Lang-50,unknown,6
SimFix,Lang-50,unknown,7
SimFix,Lang-58,correct,3
SimFix,Lang-58,overfitting,63
SimFix,Lang-60,unknown,2
SimFix,Lang-60,unknown,3
SimFix,Lang-60,unknown,4
SimFix,Lang-60,unknown,5
SimFix,Math-20,unknown,0
SimFix,Math-20,unknown,1
SimFix,Math-20,unknown,10
SimFix,Math-20,unknown,2
SimFix,Math-20,unknown,3
SimFix,Math-20,unknown,4
SimFix,Math-20,unknown,5
SimFix,Math-20,unknown,6
SimFix,Math-20,unknown,7
SimFix,Math-20,unknown,8
SimFix,Math-20,unknown,9
SimFix,Math-33,correct,4
SimFix,Math-33,correct,5
SimFix,Math-33,correct,6
SimFix,Math-35,unknown,0
SimFix,Math-5,correct,8
SimFix,Math-50,overfitting,343
SimFix,Math-50,overfitting,344
SimFix,Math-50,overfitting,345
SimFix,Math-50,overfitting,355
SimFix,Math-50,overfitting,385
SimFix,Math-50,overfitting,6
SimFix,Math-53,correct,7
SimFix,Math-57,correct,2
SimFix,Math-59,correct,4
SimFix,Math-6,overfitting,3
SimFix,Math-63,overfitting,12
SimFix,Math-70,correct,4
SimFix,Math-70,overfitting,145
SimFix,Math-72,unknown,0
SimFix,Math-72,unknown,1
SimFix,Math-72,unknown,10
SimFix,Math-72,unknown,11
SimFix,Math-72,unknown,12
SimFix,Math-72,unknown,13
SimFix,Math-72,unknown,2
SimFix,Math-72,unknown,3
SimFix,Math-72,unknown,4
SimFix,Math-72,unknown,5
SimFix,Math-72,unknown,6
SimFix,Math-72,unknown,7
SimFix,Math-72,unknown,8
SimFix,Math-72,unknown,9
SimFix,Math-73,overfitting,6
SimFix,Math-73,unknown,11
SimFix,Math-73,unknown,12
SimFix,Math-75,correct,3
SimFix,Math-79,correct,3
SimFix,Math-79,overfitting,2
SimFix,Math-8,overfitting,10
SimFix,Math-8,unknown,2
SimFix,Math-85,overfitting,33
SimFix,Math-85,overfitting,398
SimFix,Math-98,unknown,0
SimFix,Math-98,unknown,1
SimFix,Math-98,unknown,2
SimFix,Math-98,unknown,3
SimFix,Math-98,unknown,4
SimFix,Math-98,unknown,5
SimFix,Math-98,unknown,6
SimFix,Math-98,unknown,7
SimFix,Math-98,unknown,8
SimFix,Math-98,unknown,9
SimFix,Time-7,correct,2
TBar,Chart-11,correct,1
TBar,Chart-13,overfitting,216
TBar,Chart-13,overfitting,7
TBar,Chart-13,unknown,4
TBar,Chart-13,unknown,61
TBar,Chart-13,unknown,62
TBar,Chart-13,unknown,63
TBar,Chart-13,unknown,64
TBar,Chart-13,unknown,65
TBar,Chart-13,unknown,66
TBar,Chart-13,unknown,67
TBar,Chart-13,unknown,68
TBar,Chart-13,unknown,69
TBar,Chart-13,unknown,70
TBar,Chart-13,unknown,71
TBar,Chart-13,unknown,72
TBar,Chart-13,unknown,73
TBar,Chart-13,unknown,74
TBar,Chart-13,unknown,75
TBar,Chart-13,unknown,76
TBar,Chart-13,unknown,77
TBar,Chart-13,unknown,78
TBar,Chart-13,unknown,79
TBar,Chart-13,unknown,80
TBar,Chart-13,unknown,81
TBar,Chart-13,unknown,82
TBar,Chart-13,unknown,83
TBar,Chart-13,unknown,84
TBar,Chart-13,unknown,85
TBar,Chart-13,unknown,86
TBar,Chart-13,unknown,87
TBar,Chart-13,unknown,88
TBar,Chart-13,unknown,89
TBar,Chart-13,unknown,90
TBar,Chart-13,unknown,91
TBar,Chart-13,unknown,92
TBar,Chart-13,unknown,93
TBar,Chart-13,unknown,94
TBar,Chart-15,overfitting,4
TBar,Chart-20,correct,1
TBar,Chart-24,correct,1
TBar,Chart-25,overfitting,3
TBar,Chart-7,overfitting,1
TBar,Chart-7,overfitting,2
TBar,Chart-7,overfitting,4
TBar,Chart-7,overfitting,40
TBar,Chart-7,overfitting,41
TBar,Chart-7,overfitting,42
TBar,Chart-7,overfitting,43
TBar,Chart-7,overfitting,44
TBar,Chart-7,overfitting,45
TBar,Chart-7,overfitting,5
TBar,Chart-8,correct,1
TBar,Chart-9,correct,5
TBar,Closure-10,unknown,0
TBar,Closure-10,unknown,1
TBar,Closure-10,unknown,2
TBar,Closure-109,unknown,5
TBar,Closure-109,unknown,6
TBar,Closure-126,overfitting,3
TBar,Closure-126,overfitting,355
TBar,Closure-126,overfitting,5
TBar,Closure-2,correct,2
TBar,Closure-2,overfitting,4
TBar,Closure-2,overfitting,5
TBar,Closure-21,unknown,10
TBar,Closure-21,unknown,11
TBar,Closure-21,unknown,12
TBar,Closure-21,unknown,13
TBar,Closure-21,unknown,14
TBar,Closure-21,unknown,15
TBar,Closure-21,unknown,16
TBar,Closure-21,unknown,17
TBar,Closure-21,unknown,18
TBar,Closure-21,unknown,19
TBar,Closure-21,unknown,20
TBar,Closure-21,unknown,7
TBar,Closure-21,unknown,8
TBar,Closure-21,unknown,9
TBar,Closure-22,overfitting,10
TBar,Closure-22,unknown,20
TBar,Closure-22,unknown,21
TBar,Closure-22,unknown,22
TBar,Closure-22,unknown,23
TBar,Closure-22,unknown,24
TBar,Closure-22,unknown,25
TBar,Closure-22,unknown,26
TBar,Closure-22,unknown,27
TBar,Closure-22,unknown,28
TBar,Closure-22,unknown,29
TBar,Closure-22,unknown,30
TBar,Closure-46,correct,1
TBar,Closure-62,correct,2
TBar,Closure-62,overfitting,1
TBar,Closure-62,overfitting,14
TBar,Closure-62,overfitting,15
TBar,Closure-62,overfitting,3
TBar,Closure-86,correct,1
TBar,Lang-33,correct,6
TBar,Lang-33,overfitting,0
TBar,Lang-33,overfitting,1
TBar,Lang-43,overfitting,4
TBar,Lang-44,overfitting,3
TBar,Lang-44,overfitting,4
TBar,Lang-44,unknown,10
TBar,Lang-44,unknown,11
TBar,Lang-44,unknown,12
TBar,Lang-44,unknown,13
TBar,Lang-44,unknown,14
TBar,Lang-44,unknown,15
TBar,Lang-44,unknown,16
TBar,Lang-44,unknown,17
TBar,Lang-44,unknown,18
TBar,Lang-44,unknown,19
TBar,Lang-44,unknown,20
TBar,Lang-44,unknown,21
TBar,Lang-45,overfitting,3
TBar,Lang-51,overfitting,10
TBar,Lang-51,overfitting,11
TBar,Lang-51,overfitting,9
TBar,Lang-51,unknown,49
TBar,Lang-51,unknown,50
TBar,Lang-51,unknown,51
TBar,Lang-51,unknown,52
TBar,Lang-51,unknown,53
TBar,Lang-51,unknown,54
TBar,Lang-57,correct,1
TBar,Lang-57,correct,2
TBar,Lang-58,overfitting,4
TBar,Lang-58,overfitting,5
TBar,Lang-58,overfitting,6
TBar,Lang-58,overfitting,7
TBar,Lang-58,overfitting,71
TBar,Lang-58,overfitting,72
TBar,Lang-58,overfitting,73
TBar,Lang-58,overfitting,74
TBar,Lang-58,overfitting,76
TBar,Lang-58,overfitting,77
TBar,Lang-58,overfitting,79
TBar,Lang-58,overfitting,81
TBar,Lang-58,overfitting,84
TBar,Lang-58,overfitting,9
TBar,Lang-59,correct,1
TBar,Lang-63,unknown,14
TBar,Math-11,correct,1
TBar,Math-11,correct,2
TBar,Math-11,correct,3
TBar,Math-15,overfitting,1
TBar,Math-2,overfitting,13
TBar,Math-28,overfitting,2
TBar,Math-28,overfitting,24
TBar,Math-28,unknown,23
TBar,Math-28,unknown,24
TBar,Math-28,unknown,25
TBar,Math-28,unknown,26
TBar,Math-28,unknown,27
TBar,Math-28,unknown,28
TBar,Math-28,unknown,29
TBar,Math-28,unknown,30
TBar,Math-28,unknown,31
TBar,Math-28,unknown,32
TBar,Math-28,unknown,33
TBar,Math-28,unknown,34
TBar,Math-28,unknown,35
TBar,Math-28,unknown,36
TBar,Math-28,unknown,37
TBar,Math-28,unknown,38
TBar,Math-28,unknown,39
TBar,Math-28,unknown,40
TBar,Math-28,unknown,41
TBar,Math-28,unknown,42
TBar,Math-28,unknown,43
TBar,Math-28,unknown,44
TBar,Math-28,unknown,45
TBar,Math-28,unknown,46
TBar,Math-28,unknown,47
TBar,Math-28,unknown,48
TBar,Math-28,unknown,49
TBar,Math-28,unknown,50
TBar,Math-28,unknown,51
TBar,Math-28,unknown,52
TBar,Math-28,unknown,53
TBar,Math-28,unknown,54
TBar,Math-28,unknown,55
TBar,Math-28,unknown,56
TBar,Math-28,unknown,57
TBar,Math-28,unknown,58
TBar,Math-28,unknown,59
TBar,Math-28,unknown,60
TBar,Math-28,unknown,61
TBar,Math-28,unknown,62
TBar,Math-28,unknown,63
TBar,Math-28,unknown,64
TBar,Math-28,unknown,65
TBar,Math-28,unknown,66
TBar,Math-28,unknown,67
TBar,Math-28,unknown,68
TBar,Math-28,unknown,69
TBar,Math-28,unknown,70
TBar,Math-28,unknown,71
TBar,Math-28,unknown,72
TBar,Math-28,unknown,73
TBar,Math-28,unknown,74
TBar,Math-28,unknown,75
TBar,Math-28,unknown,76
TBar,Math-28,unknown,77
TBar,Math-28,unknown,78
TBar,Math-28,unknown,79
TBar,Math-28,unknown,80
TBar,Math-28,unknown,81
TBar,Math-28,unknown,82
TBar,Math-28,unknown,83
TBar,Math-28,unknown,84
TBar,Math-28,unknown,85
TBar,Math-28,unknown,86
TBar,Math-28,unknown,87
TBar,Math-28,unknown,88
TBar,Math-30,correct,1
TBar,Math-30,correct,2
TBar,Math-30,overfitting,1
TBar,Math-30,overfitting,2
TBar,Math-30,overfitting,3
TBar,Math-30,overfitting,4
TBar,Math-30,overfitting,5
TBar,Math-32,unknown,0
TBar,Math-34,correct,1
TBar,Math-5,correct,2
TBar,Math-5,correct,5
TBar,Math-50,overfitting,360
TBar,Math-50,overfitting,361
TBar,Math-50,overfitting,366
TBar,Math-50,overfitting,369
TBar,Math-50,overfitting,371
TBar,Math-50,overfitting,372
TBar,Math-50,overfitting,373
TBar,Math-50,overfitting,375
TBar,Math-58,correct,1
TBar,Math-6,overfitting,2
TBar,Math-62,overfitting,0
TBar,Math-62,unknown,0
TBar,Math-62,unknown,1
TBar,Math-62,unknown,10
TBar,Math-62,unknown,11
TBar,Math-62,unknown,12
TBar,Math-62,unknown,13
TBar,Math-62,unknown,14
TBar,Math-62,unknown,2
TBar,Math-62,unknown,3
TBar,Math-62,unknown,4
TBar,Math-62,unknown,5
TBar,Math-62,unknown,6
TBar,Math-62,unknown,7
TBar,Math-62,unknown,8
TBar,Math-62,unknown,9
TBar,Math-63,overfitting,13
TBar,Math-65,correct,2
TBar,Math-70,correct,1
TBar,Math-75,correct,1
TBar,Math-79,overfitting,0
TBar,Math-79,overfitting,1
TBar,Math-8,overfitting,0
TBar,Math-8,overfitting,12
TBar,Math-8,overfitting,4
TBar,Math-8,unknown,0
TBar,Math-8,unknown,1
TBar,Math-80,correct,1
TBar,Math-80,overfitting,0
TBar,Math-80,overfitting,1209
TBar,Math-80,overfitting,1276
TBar,Math-80,overfitting,1277
TBar,Math-80,overfitting,1278
TBar,Math-80,overfitting,1279
TBar,Math-80,overfitting,1290
TBar,Math-80,overfitting,1291
TBar,Math-80,overfitting,1292
TBar,Math-80,overfitting,1293
TBar,Math-80,overfitting,1294
TBar,Math-80,overfitting,1295
TBar,Math-80,overfitting,1296
TBar,Math-80,overfitting,1297
TBar,Math-80,overfitting,1298
TBar,Math-80,overfitting,1299
TBar,Math-80,overfitting,1300
TBar,Math-80,overfitting,16
TBar,Math-80,overfitting,29
TBar,Math-80,overfitting,32
TBar,Math-85,correct,1
TBar,Math-85,correct,7
TBar,Math-85,overfitting,0
TBar,Math-85,overfitting,1
TBar,Math-85,overfitting,27
TBar,Math-85,overfitting,3
TBar,Math-85,overfitting,30
TBar,Math-85,overfitting,375
TBar,Math-85,overfitting,376
TBar,Math-85,overfitting,377
TBar,Math-85,overfitting,378
TBar,Math-85,overfitting,379
TBar,Math-85,overfitting,380
TBar,Math-85,overfitting,381
TBar,Math-85,overfitting,382
TBar,Math-85,overfitting,383
TBar,Math-85,overfitting,384
TBar,Math-85,overfitting,385
TBar,Math-85,overfitting,386
TBar,Math-85,overfitting,387
TBar,Math-85,overfitting,388
TBar,Math-85,overfitting,389
TBar,Math-85,overfitting,390
TBar,Math-85,overfitting,391
TBar,Math-85,overfitting,392
TBar,Math-85,overfitting,393
TBar,Math-85,overfitting,394
TBar,Math-85,overfitting,395
TBar,Math-85,overfitting,396
TBar,Math-85,overfitting,397
TBar,Math-85,overfitting,400
TBar,Math-85,overfitting,401
TBar,Math-85,overfitting,402
TBar,Math-85,overfitting,403
TBar,Math-85,overfitting,404
TBar,Math-85,overfitting,405
TBar,Math-85,overfitting,406
TBar,Math-85,overfitting,407
TBar,Math-85,overfitting,408
TBar,Math-85,overfitting,409
TBar,Math-85,overfitting,410
TBar,Math-89,correct,2
TBar,Math-95,overfitting,10
TBar,Math-95,overfitting,2
TBar,Math-95,unknown,12
TBar,Math-95,unknown,13
TBar,Math-95,unknown,14
TBar,Math-95,unknown,15
TBar,Math-95,unknown,16
TBar,Math-96,overfitting,0
TBar,Mockito-29,correct,1
TBar,Mockito-29,overfitting,0
TBar,Mockito-29,overfitting,1
TBar,Mockito-29,overfitting,2
TBar,Mockito-38,correct,1
TBar,Mockito-38,correct,2
TBar,Mockito-38,correct,3
TBar,Time-11,overfitting,10
TBar,Time-17,unknown,0
dynamoth,Chart-1,overfitting,1
dynamoth,Chart-1,overfitting,19
dynamoth,Chart-1,overfitting,3
dynamoth,Chart-15,unknown,1
dynamoth,Chart-15,unknown,10
dynamoth,Chart-15,unknown,11
dynamoth,Chart-15,unknown,12
dynamoth,Chart-15,unknown,13
dynamoth,Chart-15,unknown,14
dynamoth,Chart-15,unknown,15
dynamoth,Chart-15,unknown,16
dynamoth,Chart-15,unknown,17
dynamoth,Chart-15,unknown,18
dynamoth,Chart-15,unknown,19
dynamoth,Chart-15,unknown,2
dynamoth,Chart-15,unknown,3
dynamoth,Chart-15,unknown,4
dynamoth,Chart-15,unknown,5
dynamoth,Chart-15,unknown,6
dynamoth,Chart-15,unknown,7
dynamoth,Chart-15,unknown,8
dynamoth,Chart-15,unknown,9
dynamoth,Chart-17,unknown,10
dynamoth,Chart-17,unknown,11
dynamoth,Chart-17,unknown,12
dynamoth,Chart-17,unknown,13
dynamoth,Chart-17,unknown,14
dynamoth,Chart-17,unknown,15
dynamoth,Chart-17,unknown,16
dynamoth,Chart-17,unknown,17
dynamoth,Chart-17,unknown,18
dynamoth,Chart-17,unknown,19
dynamoth,Chart-17,unknown,2
dynamoth,Chart-17,unknown,20
dynamoth,Chart-17,unknown,21
dynamoth,Chart-17,unknown,3
dynamoth,Chart-17,unknown,4
dynamoth,Chart-17,unknown,5
dynamoth,Chart-17,unknown,6
dynamoth,Chart-17,unknown,7
dynamoth,Chart-17,unknown,8
dynamoth,Chart-17,unknown,9
dynamoth,Chart-25,overfitting,14
dynamoth,Chart-25,overfitting,2
dynamoth,Chart-25,unknown,46
dynamoth,Chart-25,unknown,47
dynamoth,Chart-25,unknown,48
dynamoth,Chart-25,unknown,49
dynamoth,Chart-25,unknown,50
dynamoth,Chart-25,unknown,51
dynamoth,Chart-25,unknown,52
dynamoth,Chart-25,unknown,53
dynamoth,Chart-25,unknown,54
dynamoth,Chart-25,unknown,55
dynamoth,Chart-25,unknown,56
dynamoth,Chart-25,unknown,57
dynamoth,Chart-25,unknown,58
dynamoth,Chart-25,unknown,59
dynamoth,Chart-25,unknown,60
dynamoth,Chart-25,unknown,61
dynamoth,Chart-25,unknown,62
dynamoth,Chart-25,unknown,63
dynamoth,Chart-25,unknown,64
dynamoth,Chart-25,unknown,65
dynamoth,Chart-25,unknown,66
dynamoth,Chart-26,unknown,21
dynamoth,Chart-5,overfitting,4
dynamoth,Closure-126,correct,12
dynamoth,Closure-126,correct,2
dynamoth,Closure-126,overfitting,348
dynamoth,Closure-129,overfitting,232
dynamoth,Closure-19,overfitting,2
dynamoth,Closure-21,overfitting,252
dynamoth,Closure-21,unknown,5
dynamoth,Closure-21,unknown,6
dynamoth,Closure-22,unknown,14
dynamoth,Closure-22,unknown,15
dynamoth,Closure-22,unknown,16
dynamoth,Closure-22,unknown,17
dynamoth,Closure-22,unknown,18
dynamoth,Closure-22,unknown,19
dynamoth,Closure-46,overfitting,226
dynamoth,Closure-46,overfitting,227
dynamoth,Closure-48,overfitting,2
dynamoth,Closure-59,unknown,1
dynamoth,Closure-62,overfitting,7
dynamoth,Closure-66,unknown,2
dynamoth,Closure-75,unknown,1
dynamoth,Closure-75,unknown,10
dynamoth,Closure-75,unknown,2
dynamoth,Closure-75,unknown,3
dynamoth,Closure-75,unknown,4
dynamoth,Closure-75,unknown,5
dynamoth,Closure-75,unknown,6
dynamoth,Closure-75,unknown,7
dynamoth,Closure-75,unknown,8
dynamoth,Closure-75,unknown,9
dynamoth,Lang-44,unknown,0
dynamoth,Lang-44,unknown,1
dynamoth,Lang-44,unknown,2
dynamoth,Lang-44,unknown,3
dynamoth,Lang-44,unknown,4
dynamoth,Lang-44,unknown,5
dynamoth,Lang-44,unknown,6
dynamoth,Lang-44,unknown,7
dynamoth,Lang-44,unknown,8
dynamoth,Lang-44,unknown,9
dynamoth,Lang-51,overfitting,137
dynamoth,Lang-51,overfitting,8
dynamoth,Lang-55,correct,3
dynamoth,Lang-55,correct,4
dynamoth,Lang-55,correct,5
dynamoth,Lang-55,correct,6
dynamoth,Lang-55,correct,7
dynamoth,Lang-55,overfitting,26
dynamoth,Lang-55,overfitting,27
dynamoth,Lang-55,overfitting,28
dynamoth,Lang-55,overfitting,29
dynamoth,Lang-55,overfitting,30
dynamoth,Math-101,overfitting,0
dynamoth,Math-101,unknown,0
dynamoth,Math-101,unknown,1
dynamoth,Math-101,unknown,2
dynamoth,Math-101,unknown,3
dynamoth,Math-2,overfitting,353
dynamoth,Math-2,unknown,4
dynamoth,Math-2,unknown,5
dynamoth,Math-2,unknown,6
dynamoth,Math-24,unknown,1
dynamoth,Math-24,unknown,10
dynamoth,Math-24,unknown,11
dynamoth,Math-24,unknown,12
dynamoth,Math-24,unknown,13
dynamoth,Math-24,unknown,14
dynamoth,Math-24,unknown,15
dynamoth,Math-24,unknown,16
dynamoth,Math-24,unknown,17
dynamoth,Math-24,unknown,18
dynamoth,Math-24,unknown,19
dynamoth,Math-24,unknown,2
dynamoth,Math-24,unknown,20
dynamoth,Math-24,unknown,3
dynamoth,Math-24,unknown,4
dynamoth,Math-24,unknown,5
dynamoth,Math-24,unknown,6
dynamoth,Math-24,unknown,7
dynamoth,Math-24,unknown,8
dynamoth,Math-24,unknown,9
dynamoth,Math-28,overfitting,16
dynamoth,Math-28,unknown,10
dynamoth,Math-28,unknown,11
dynamoth,Math-28,unknown,12
dynamoth,Math-28,unknown,13
dynamoth,Math-28,unknown,14
dynamoth,Math-28,unknown,15
dynamoth,Math-28,unknown,16
dynamoth,Math-28,unknown,17
dynamoth,Math-28,unknown,18
dynamoth,Math-28,unknown,19
dynamoth,Math-28,unknown,20
dynamoth,Math-28,unknown,21
dynamoth,Math-28,unknown,22
dynamoth,Math-28,unknown,5
dynamoth,Math-28,unknown,6
dynamoth,Math-28,unknown,7
dynamoth,Math-28,unknown,8
dynamoth,Math-28,unknown,9
dynamoth,Math-32,overfitting,2
dynamoth,Math-33,overfitting,10
dynamoth,Math-33,overfitting,11
dynamoth,Math-33,overfitting,12
dynamoth,Math-33,overfitting,13
dynamoth,Math-33,overfitting,14
dynamoth,Math-33,overfitting,15
dynamoth,Math-33,overfitting,16
dynamoth,Math-33,overfitting,17
dynamoth,Math-33,overfitting,18
dynamoth,Math-33,overfitting,19
dynamoth,Math-33,overfitting,20
dynamoth,Math-33,overfitting,21
dynamoth,Math-33,overfitting,22
dynamoth,Math-33,overfitting,23
dynamoth,Math-33,overfitting,24
dynamoth,Math-33,overfitting,25
dynamoth,Math-33,overfitting,26
dynamoth,Math-33,overfitting,27
dynamoth,Math-33,overfitting,8
dynamoth,Math-33,overfitting,9
dynamoth,Math-40,unknown,10
dynamoth,Math-40,unknown,11
dynamoth,Math-40,unknown,2
dynamoth,Math-40,unknown,3
dynamoth,Math-40,unknown,4
dynamoth,Math-40,unknown,5
dynamoth,Math-40,unknown,6
dynamoth,Math-40,unknown,7
dynamoth,Math-40,unknown,8
dynamoth,Math-40,unknown,9
dynamoth,Math-41,overfitting,0
dynamoth,Math-41,overfitting,1
dynamoth,Math-41,overfitting,2
dynamoth,Math-41,unknown,0
dynamoth,Math-41,unknown,1
dynamoth,Math-41,unknown,10
dynamoth,Math-41,unknown,100
dynamoth,Math-41,unknown,101
dynamoth,Math-41,unknown,102
dynamoth,Math-41,unknown,103
dynamoth,Math-41,unknown,104
dynamoth,Math-41,unknown,105
dynamoth,Math-41,unknown,106
dynamoth,Math-41,unknown,107
dynamoth,Math-41,unknown,108
dynamoth,Math-41,unknown,109
dynamoth,Math-41,unknown,11
dynamoth,Math-41,unknown,110
dynamoth,Math-41,unknown,111
dynamoth,Math-41,unknown,112
dynamoth,Math-41,unknown,113
dynamoth,Math-41,unknown,114
dynamoth,Math-41,unknown,115
dynamoth,Math-41,unknown,116
dynamoth,Math-41,unknown,117
dynamoth,Math-41,unknown,118
dynamoth,Math-41,unknown,119
dynamoth,Math-41,unknown,12
dynamoth,Math-41,unknown,120
dynamoth,Math-41,unknown,121
dynamoth,Math-41,unknown,122
dynamoth,Math-41,unknown,123
dynamoth,Math-41,unknown,124
dynamoth,Math-41,unknown,125
dynamoth,Math-41,unknown,126
dynamoth,Math-41,unknown,127
dynamoth,Math-41,unknown,128
dynamoth,Math-41,unknown,129
dynamoth,Math-41,unknown,13
dynamoth,Math-41,unknown,130
dynamoth,Math-41,unknown,131
dynamoth,Math-41,unknown,132
dynamoth,Math-41,unknown,133
dynamoth,Math-41,unknown,134
dynamoth,Math-41,unknown,135
dynamoth,Math-41,unknown,136
dynamoth,Math-41,unknown,137
dynamoth,Math-41,unknown,138
dynamoth,Math-41,unknown,139
dynamoth,Math-41,unknown,14
dynamoth,Math-41,unknown,140
dynamoth,Math-41,unknown,141
dynamoth,Math-41,unknown,142
dynamoth,Math-41,unknown,143
dynamoth,Math-41,unknown,144
dynamoth,Math-41,unknown,145
dynamoth,Math-41,unknown,146
dynamoth,Math-41,unknown,147
dynamoth,Math-41,unknown,148
dynamoth,Math-41,unknown,149
dynamoth,Math-41,unknown,15
dynamoth,Math-41,unknown,150
dynamoth,Math-41,unknown,151
dynamoth,Math-41,unknown,152
dynamoth,Math-41,unknown,153
dynamoth,Math-41,unknown,154
dynamoth,Math-41,unknown,155
dynamoth,Math-41,unknown,156
dynamoth,Math-41,unknown,157
dynamoth,Math-41,unknown,158
dynamoth,Math-41,unknown,159
dynamoth,Math-41,unknown,16
dynamoth,Math-41,unknown,160
dynamoth,Math-41,unknown,161
dynamoth,Math-41,unknown,162
dynamoth,Math-41,unknown,163
dynamoth,Math-41,unknown,164
dynamoth,Math-41,unknown,165
dynamoth,Math-41,unknown,166
dynamoth,Math-41,unknown,167
dynamoth,Math-41,unknown,168
dynamoth,Math-41,unknown,169
dynamoth,Math-41,unknown,17
dynamoth,Math-41,unknown,170
dynamoth,Math-41,unknown,171
dynamoth,Math-41,unknown,172
dynamoth,Math-41,unknown,173
dynamoth,Math-41,unknown,174
dynamoth,Math-41,unknown,175
dynamoth,Math-41,unknown,18
dynamoth,Math-41,unknown,19
dynamoth,Math-41,unknown,2
dynamoth,Math-41,unknown,20
dynamoth,Math-41,unknown,21
dynamoth,Math-41,unknown,22
dynamoth,Math-41,unknown,23
dynamoth,Math-41,unknown,24
dynamoth,Math-41,unknown,25
dynamoth,Math-41,unknown,26
dynamoth,Math-41,unknown,27
dynamoth,Math-41,unknown,28
dynamoth,Math-41,unknown,29
dynamoth,Math-41,unknown,3
dynamoth,Math-41,unknown,30
dynamoth,Math-41,unknown,31
dynamoth,Math-41,unknown,32
dynamoth,Math-41,unknown,33
dynamoth,Math-41,unknown,34
dynamoth,Math-41,unknown,35
dynamoth,Math-41,unknown,36
dynamoth,Math-41,unknown,37
dynamoth,Math-41,unknown,38
dynamoth,Math-41,unknown,39
dynamoth,Math-41,unknown,4
dynamoth,Math-41,unknown,40
dynamoth,Math-41,unknown,41
dynamoth,Math-41,unknown,42
dynamoth,Math-41,unknown,43
dynamoth,Math-41,unknown,44
dynamoth,Math-41,unknown,45
dynamoth,Math-41,unknown,46
dynamoth,Math-41,unknown,47
dynamoth,Math-41,unknown,48
dynamoth,Math-41,unknown,49
dynamoth,Math-41,unknown,5
dynamoth,Math-41,unknown,50
dynamoth,Math-41,unknown,51
dynamoth,Math-41,unknown,52
dynamoth,Math-41,unknown,53
dynamoth,Math-41,unknown,54
dynamoth,Math-41,unknown,55
dynamoth,Math-41,unknown,56
dynamoth,Math-41,unknown,57
dynamoth,Math-41,unknown,58
dynamoth,Math-41,unknown,59
dynamoth,Math-41,unknown,6
dynamoth,Math-41,unknown,60
dynamoth,Math-41,unknown,61
dynamoth,Math-41,unknown,62
dynamoth,Math-41,unknown,63
dynamoth,Math-41,unknown,64
dynamoth,Math-41,unknown,65
dynamoth,Math-41,unknown,66
dynamoth,Math-41,unknown,67
dynamoth,Math-41,unknown,68
dynamoth,Math-41,unknown,69
dynamoth,Math-41,unknown,7
dynamoth,Math-41,unknown,70
dynamoth,Math-41,unknown,71
dynamoth,Math-41,unknown,72
dynamoth,Math-41,unknown,73
dynamoth,Math-41,unknown,74
dynamoth,Math-41,unknown,75
dynamoth,Math-41,unknown,76
dynamoth,Math-41,unknown,77
dynamoth,Math-41,unknown,78
dynamoth,Math-41,unknown,79
dynamoth,Math-41,unknown,8
dynamoth,Math-41,unknown,80
dynamoth,Math-41,unknown,81
dynamoth,Math-41,unknown,82
dynamoth,Math-41,unknown,83
dynamoth,Math-41,unknown,84
dynamoth,Math-41,unknown,85
dynamoth,Math-41,unknown,86
dynamoth,Math-41,unknown,87
dynamoth,Math-41,unknown,88
dynamoth,Math-41,unknown,89
dynamoth,Math-41,unknown,9
dynamoth,Math-41,unknown,90
dynamoth,Math-41,unknown,91
dynamoth,Math-41,unknown,92
dynamoth,Math-41,unknown,93
dynamoth,Math-41,unknown,94
dynamoth,Math-41,unknown,95
dynamoth,Math-41,unknown,96
dynamoth,Math-41,unknown,97
dynamoth,Math-41,unknown,98
dynamoth,Math-41,unknown,99
dynamoth,Math-46,unknown,0
dynamoth,Math-46,unknown,1
dynamoth,Math-46,unknown,2
dynamoth,Math-46,unknown,3
dynamoth,Math-46,unknown,4
dynamoth,Math-46,unknown,5
dynamoth,Math-46,unknown,6
dynamoth,Math-46,unknown,7
dynamoth,Math-46,unknown,8
dynamoth,Math-46,unknown,9
dynamoth,Math-58,overfitting,138
dynamoth,Math-58,overfitting,139
dynamoth,Math-58,overfitting,140
dynamoth,Math-58,overfitting,141
dynamoth,Math-58,overfitting,142
dynamoth,Math-58,overfitting,143
dynamoth,Math-58,overfitting,144
dynamoth,Math-58,overfitting,145
dynamoth,Math-58,overfitting,146
dynamoth,Math-58,overfitting,147
dynamoth,Math-58,overfitting,148
dynamoth,Math-58,overfitting,149
dynamoth,Math-58,overfitting,150
dynamoth,Math-58,overfitting,151
dynamoth,Math-58,overfitting,152
dynamoth,Math-71,overfitting,1
dynamoth,Math-71,unknown,2
dynamoth,Math-71,unknown,3
dynamoth,Math-71,unknown,4
dynamoth,Math-78,unknown,10
dynamoth,Math-78,unknown,11
dynamoth,Math-78,unknown,12
dynamoth,Math-78,unknown,13
dynamoth,Math-78,unknown,14
dynamoth,Math-78,unknown,15
dynamoth,Math-78,unknown,16
dynamoth,Math-78,unknown,17
dynamoth,Math-78,unknown,18
dynamoth,Math-78,unknown,19
dynamoth,Math-78,unknown,20
dynamoth,Math-78,unknown,21
dynamoth,Math-87,unknown,0
dynamoth,Math-87,unknown,1
dynamoth,Math-97,overfitting,1
dynamoth,Math-97,unknown,0
dynamoth,Math-97,unknown,1
dynamoth,Math-97,unknown,2
dynamoth,Math-97,unknown,3
dynamoth,Math-97,unknown,4
dynamoth,Math-97,unknown,5
dynamoth,Math-97,unknown,6
dynamoth,Math-97,unknown,7
dynamoth,Math-97,unknown,8
dynamoth,Time-4,unknown,15
dynamoth,Time-4,unknown,16
jGenProg,Chart-1,overfitting,0
jGenProg,Chart-12,unknown,0
jGenProg,Chart-13,unknown,10
jGenProg,Chart-13,unknown,11
jGenProg,Chart-13,unknown,12
jGenProg,Chart-13,unknown,13
jGenProg,Chart-13,unknown,14
jGenProg,Chart-13,unknown,15
jGenProg,Chart-13,unknown,16
jGenProg,Chart-13,unknown,17
jGenProg,Chart-13,unknown,18
jGenProg,Chart-13,unknown,19
jGenProg,Chart-13,unknown,20
jGenProg,Chart-13,unknown,21
jGenProg,Chart-13,unknown,22
jGenProg,Chart-13,unknown,23
jGenProg,Chart-13,unknown,24
jGenProg,Chart-13,unknown,25
jGenProg,Chart-13,unknown,26
jGenProg,Chart-13,unknown,27
jGenProg,Chart-13,unknown,28
jGenProg,Chart-13,unknown,29
jGenProg,Chart-13,unknown,30
jGenProg,Chart-13,unknown,31
jGenProg,Chart-13,unknown,32
jGenProg,Chart-13,unknown,33
jGenProg,Chart-13,unknown,34
jGenProg,Chart-13,unknown,35
jGenProg,Chart-13,unknown,36
jGenProg,Chart-13,unknown,37
jGenProg,Chart-13,unknown,38
jGenProg,Chart-13,unknown,39
jGenProg,Chart-13,unknown,4
jGenProg,Chart-13,unknown,40
jGenProg,Chart-13,unknown,41
jGenProg,Chart-13,unknown,42
jGenProg,Chart-13,unknown,43
jGenProg,Chart-13,unknown,44
jGenProg,Chart-13,unknown,45
jGenProg,Chart-13,unknown,46
jGenProg,Chart-13,unknown,47
jGenProg,Chart-13,unknown,48
jGenProg,Chart-13,unknown,49
jGenProg,Chart-13,unknown,5
jGenProg,Chart-13,unknown,50
jGenProg,Chart-13,unknown,51
jGenProg,Chart-13,unknown,52
jGenProg,Chart-13,unknown,53
jGenProg,Chart-13,unknown,54
jGenProg,Chart-13,unknown,55
jGenProg,Chart-13,unknown,56
jGenProg,Chart-13,unknown,57
jGenProg,Chart-13,unknown,58
jGenProg,Chart-13,unknown,59
jGenProg,Chart-13,unknown,6
jGenProg,Chart-13,unknown,60
jGenProg,Chart-13,unknown,7
jGenProg,Chart-13,unknown,8
jGenProg,Chart-13,unknown,9
jGenProg,Chart-15,overfitting,387
jGenProg,Chart-15,unknown,0
jGenProg,Chart-19,unknown,0
jGenProg,Chart-19,unknown,1
jGenProg,Chart-25,overfitting,1
jGenProg,Chart-25,overfitting,168
jGenProg,Chart-25,overfitting,18
jGenProg,Chart-25,unknown,12
jGenProg,Chart-25,unknown,13
jGenProg,Chart-25,unknown,14
jGenProg,Chart-25,unknown,15
jGenProg,Chart-25,unknown,16
jGenProg,Chart-25,unknown,17
jGenProg,Chart-25,unknown,18
jGenProg,Chart-25,unknown,19
jGenProg,Chart-25,unknown,20
jGenProg,Chart-25,unknown,21
jGenProg,Chart-25,unknown,22
jGenProg,Chart-25,unknown,23
jGenProg,Chart-25,unknown,24
jGenProg,Chart-25,unknown,25
jGenProg,Chart-25,unknown,26
jGenProg,Chart-25,unknown,27
jGenProg,Chart-25,unknown,28
jGenProg,Chart-25,unknown,29
jGenProg,Chart-25,unknown,30
jGenProg,Chart-25,unknown,31
jGenProg,Chart-25,unknown,32
jGenProg,Chart-25,unknown,33
jGenProg,Chart-25,unknown,34
jGenProg,Chart-25,unknown,35
jGenProg,Chart-25,unknown,36
jGenProg,Chart-25,unknown,37
jGenProg,Chart-25,unknown,38
jGenProg,Chart-25,unknown,39
jGenProg,Chart-25,unknown,40
jGenProg,Chart-25,unknown,41
jGenProg,Chart-25,unknown,42
jGenProg,Chart-25,unknown,43
jGenProg,Chart-25,unknown,44
jGenProg,Chart-25,unknown,45
jGenProg,Chart-26,unknown,10
jGenProg,Chart-26,unknown,11
jGenProg,Chart-26,unknown,12
jGenProg,Chart-26,unknown,13
jGenProg,Chart-26,unknown,14
jGenProg,Chart-26,unknown,15
jGenProg,Chart-26,unknown,16
jGenProg,Chart-26,unknown,17
jGenProg,Chart-26,unknown,18
jGenProg,Chart-26,unknown,19
jGenProg,Chart-26,unknown,20
jGenProg,Chart-26,unknown,7
jGenProg,Chart-26,unknown,8
jGenProg,Chart-26,unknown,9
jGenProg,Chart-3,unknown,0
jGenProg,Chart-3,unknown,1
jGenProg,Chart-3,unknown,10
jGenProg,Chart-3,unknown,11
jGenProg,Chart-3,unknown,12
jGenProg,Chart-3,unknown,13
jGenProg,Chart-3,unknown,14
jGenProg,Chart-3,unknown,15
jGenProg,Chart-3,unknown,16
jGenProg,Chart-3,unknown,17
jGenProg,Chart-3,unknown,18
jGenProg,Chart-3,unknown,19
jGenProg,Chart-3,unknown,2
jGenProg,Chart-3,unknown,20
jGenProg,Chart-3,unknown,21
jGenProg,Chart-3,unknown,22
jGenProg,Chart-3,unknown,23
jGenProg,Chart-3,unknown,24
jGenProg,Chart-3,unknown,25
jGenProg,Chart-3,unknown,26
jGenProg,Chart-3,unknown,27
jGenProg,Chart-3,unknown,28
jGenProg,Chart-3,unknown,29
jGenProg,Chart-3,unknown,3
jGenProg,Chart-3,unknown,30
jGenProg,Chart-3,unknown,31
jGenProg,Chart-3,unknown,32
jGenProg,Chart-3,unknown,33
jGenProg,Chart-3,unknown,34
jGenProg,Chart-3,unknown,35
jGenProg,Chart-3,unknown,4
jGenProg,Chart-3,unknown,5
jGenProg,Chart-3,unknown,6
jGenProg,Chart-3,unknown,7
jGenProg,Chart-3,unknown,8
jGenProg,Chart-3,unknown,9
jGenProg,Chart-5,unknown,0
jGenProg,Chart-5,unknown,1
jGenProg,Chart-7,overfitting,3
jGenProg,Chart-7,overfitting,46
jGenProg,Chart-7,overfitting,47
jGenProg,Chart-7,overfitting,48
jGenProg,Chart-7,overfitting,49
jGenProg,Closure-109,unknown,0
jGenProg,Closure-109,unknown,1
jGenProg,Closure-109,unknown,2
jGenProg,Closure-109,unknown,3
jGenProg,Closure-109,unknown,4
jGenProg,Closure-115,unknown,2
jGenProg,Closure-125,unknown,2
jGenProg,Closure-126,correct,3
jGenProg,Closure-126,overfitting,351
jGenProg,Closure-13,overfitting,2
jGenProg,Closure-21,unknown,2
jGenProg,Closure-21,unknown,3
jGenProg,Closure-21,unknown,4
jGenProg,Closure-22,overfitting,0
jGenProg,Closure-22,unknown,10
jGenProg,Closure-22,unknown,11
jGenProg,Closure-22,unknown,12
jGenProg,Closure-22,unknown,13
jGenProg,Closure-22,unknown,6
jGenProg,Closure-22,unknown,7
jGenProg,Closure-22,unknown,8
jGenProg,Closure-22,unknown,9
jGenProg,Closure-46,correct,4
jGenProg,Closure-46,overfitting,228
jGenProg,Closure-46,overfitting,229
jGenProg,Closure-59,unknown,0
jGenProg,Closure-66,unknown,1
jGenProg,Closure-68,unknown,0
jGenProg,Lang-22,unknown,0
jGenProg,Lang-43,overfitting,101
jGenProg,Lang-45,unknown,0
jGenProg,Lang-45,unknown,1
jGenProg,Lang-45,unknown,2
jGenProg,Lang-51,unknown,0
jGenProg,Lang-51,unknown,1
jGenProg,Lang-51,unknown,10
jGenProg,Lang-51,unknown,11
jGenProg,Lang-51,unknown,12
jGenProg,Lang-51,unknown,13
jGenProg,Lang-51,unknown,14
jGenProg,Lang-51,unknown,15
jGenProg,Lang-51,unknown,16
jGenProg,Lang-51,unknown,17
jGenProg,Lang-51,unknown,18
jGenProg,Lang-51,unknown,19
jGenProg,Lang-51,unknown,2
jGenProg,Lang-51,unknown,20
jGenProg,Lang-51,unknown,21
jGenProg,Lang-51,unknown,22
jGenProg,Lang-51,unknown,23
jGenProg,Lang-51,unknown,24
jGenProg,Lang-51,unknown,25
jGenProg,Lang-51,unknown,26
jGenProg,Lang-51,unknown,27
jGenProg,Lang-51,unknown,28
jGenProg,Lang-51,unknown,29
jGenProg,Lang-51,unknown,3
jGenProg,Lang-51,unknown,30
jGenProg,Lang-51,unknown,31
jGenProg,Lang-51,unknown,32
jGenProg,Lang-51,unknown,33
jGenProg,Lang-51,unknown,34
jGenProg,Lang-51,unknown,35
jGenProg,Lang-51,unknown,36
jGenProg,Lang-51,unknown,37
jGenProg,Lang-51,unknown,38
jGenProg,Lang-51,unknown,39
jGenProg,Lang-51,unknown,4
jGenProg,Lang-51,unknown,40
jGenProg,Lang-51,unknown,41
jGenProg,Lang-51,unknown,42
jGenProg,Lang-51,unknown,43
jGenProg,Lang-51,unknown,44
jGenProg,Lang-51,unknown,45
jGenProg,Lang-51,unknown,46
jGenProg,Lang-51,unknown,47
jGenProg,Lang-51,unknown,48
jGenProg,Lang-51,unknown,5
jGenProg,Lang-51,unknown,6
jGenProg,Lang-51,unknown,7
jGenProg,Lang-51,unknown,8
jGenProg,Lang-51,unknown,9
jGenProg,Lang-59,overfitting,107
jGenProg,Lang-59,overfitting,108
jGenProg,Lang-59,overfitting,109
jGenProg,Lang-59,overfitting,110
jGenProg,Lang-59,overfitting,111
jGenProg,Lang-59,overfitting,112
jGenProg,Lang-59,overfitting,113
jGenProg,Lang-59,overfitting,114
jGenProg,Lang-59,overfitting,115
jGenProg,Lang-59,overfitting,116
jGenProg,Lang-59,overfitting,117
jGenProg,Lang-59,overfitting,118
jGenProg,Lang-59,overfitting,119
jGenProg,Lang-59,overfitting,120
jGenProg,Lang-59,overfitting,121
jGenProg,Lang-59,overfitting,122
jGenProg,Lang-59,overfitting,124
jGenProg,Lang-59,overfitting,125
jGenProg,Lang-59,overfitting,126
jGenProg,Lang-59,overfitting,127
jGenProg,Lang-59,overfitting,128
jGenProg,Lang-59,overfitting,129
jGenProg,Lang-59,overfitting,130
jGenProg,Lang-60,unknown,0
jGenProg,Lang-60,unknown,1
jGenProg,Lang-63,overfitting,1
jGenProg,Lang-63,unknown,0
jGenProg,Lang-63,unknown,1
jGenProg,Lang-63,unknown,10
jGenProg,Lang-63,unknown,11
jGenProg,Lang-63,unknown,12
jGenProg,Lang-63,unknown,13
jGenProg,Lang-63,unknown,2
jGenProg,Lang-63,unknown,3
jGenProg,Lang-63,unknown,4
jGenProg,Lang-63,unknown,5
jGenProg,Lang-63,unknown,6
jGenProg,Lang-63,unknown,7
jGenProg,Lang-63,unknown,8
jGenProg,Lang-63,unknown,9
jGenProg,Math-28,overfitting,10
jGenProg,Math-28,overfitting,319
jGenProg,Math-28,overfitting,4
jGenProg,Math-28,overfitting,5
jGenProg,Math-28,unknown,0
jGenProg,Math-28,unknown,1
jGenProg,Math-28,unknown,2
jGenProg,Math-28,unknown,3
jGenProg,Math-28,unknown,4
jGenProg,Math-40,unknown,0
jGenProg,Math-40,unknown,1
jGenProg,Math-49,unknown,2
jGenProg,Math-49,unknown,3
jGenProg,Math-50,overfitting,346
jGenProg,Math-50,overfitting,347
jGenProg,Math-50,overfitting,348
jGenProg,Math-50,overfitting,349
jGenProg,Math-50,overfitting,350
jGenProg,Math-50,overfitting,351
jGenProg,Math-50,overfitting,395
jGenProg,Math-50,overfitting,396
jGenProg,Math-53,overfitting,8
jGenProg,Math-53,overfitting,9
jGenProg,Math-60,unknown,0
jGenProg,Math-64,unknown,0
jGenProg,Math-70,correct,6
jGenProg,Math-70,overfitting,143
jGenProg,Math-71,unknown,0
jGenProg,Math-71,unknown,1
jGenProg,Math-73,overfitting,3
jGenProg,Math-73,unknown,1
jGenProg,Math-73,unknown,2
jGenProg,Math-73,unknown,3
jGenProg,Math-73,unknown,4
jGenProg,Math-73,unknown,5
jGenProg,Math-73,unknown,6
jGenProg,Math-73,unknown,7
jGenProg,Math-73,unknown,8
jGenProg,Math-73,unknown,9
jGenProg,Math-78,unknown,2
jGenProg,Math-78,unknown,3
jGenProg,Math-78,unknown,4
jGenProg,Math-78,unknown,5
jGenProg,Math-78,unknown,6
jGenProg,Math-78,unknown,7
jGenProg,Math-78,unknown,8
jGenProg,Math-78,unknown,9
jGenProg,Math-8,overfitting,0
jGenProg,Math-80,overfitting,1269
jGenProg,Math-80,overfitting,1280
jGenProg,Math-80,overfitting,1281
jGenProg,Math-80,overfitting,1287
jGenProg,Math-80,overfitting,16
jGenProg,Math-80,overfitting,29
jGenProg,Math-81,overfitting,1125
jGenProg,Math-81,overfitting,1131
jGenProg,Math-81,overfitting,181
jGenProg,Math-81,unknown,1
jGenProg,Math-81,unknown,2
jGenProg,Math-81,unknown,3
jGenProg,Math-81,unknown,4
jGenProg,Math-81,unknown,5
jGenProg,Math-81,unknown,6
jGenProg,Math-81,unknown,7
jGenProg,Math-81,unknown,8
jGenProg,Math-81,unknown,9
jGenProg,Math-82,overfitting,55
jGenProg,Math-82,overfitting,56
jGenProg,Math-82,overfitting,57
jGenProg,Math-82,overfitting,58
jGenProg,Math-85,overfitting,371
jGenProg,Math-85,overfitting,372
jGenProg,Math-85,overfitting,399
jGenProg,Math-95,overfitting,0
jGenProg,Math-95,overfitting,8
jGenProg,Math-95,unknown,0
jGenProg,Math-95,unknown,1
jGenProg,Math-95,unknown,10
jGenProg,Math-95,unknown,11
jGenProg,Math-95,unknown,2
jGenProg,Math-95,unknown,3
jGenProg,Math-95,unknown,4
jGenProg,Math-95,unknown,5
jGenProg,Math-95,unknown,6
jGenProg,Math-95,unknown,7
jGenProg,Math-95,unknown,8
jGenProg,Math-95,unknown,9
jGenProg,Time-11,unknown,0
jGenProg,Time-4,unknown,0
jGenProg,Time-4,unknown,1
jGenProg,Time-4,unknown,10
jGenProg,Time-4,unknown,11
jGenProg,Time-4,unknown,12
jGenProg,Time-4,unknown,13
jGenProg,Time-4,unknown,14
jGenProg,Time-4,unknown,2
jGenProg,Time-4,unknown,3
jGenProg,Time-4,unknown,4
jGenProg,Time-4,unknown,5
jGenProg,Time-4,unknown,6
jGenProg,Time-4,unknown,7
jGenProg,Time-4,unknown,8
jGenProg,Time-4,unknown,9
jKali,Chart-13,overfitting,24
jKali,Chart-13,unknown,108
jKali,Chart-13,unknown,4
jKali,Chart-13,unknown,6
jKali,Chart-13,unknown,7
jKali,Chart-15,overfitting,387
jKali,Chart-15,unknown,25
jKali,Chart-15,unknown,26
jKali,Chart-15,unknown,27
jKali,Chart-15,unknown,28
jKali,Chart-15,unknown,29
jKali,Chart-15,unknown,30
jKali,Chart-15,unknown,31
jKali,Chart-15,unknown,32
jKali,Chart-15,unknown,33
jKali,Chart-15,unknown,34
jKali,Chart-15,unknown,35
jKali,Chart-15,unknown,36
jKali,Chart-15,unknown,37
jKali,Chart-15,unknown,38
jKali,Chart-15,unknown,39
jKali,Chart-15,unknown,40
jKali,Chart-15,unknown,41
jKali,Chart-15,unknown,42
jKali,Chart-15,unknown,43
jKali,Chart-15,unknown,44
jKali,Chart-15,unknown,45
jKali,Chart-15,unknown,46
jKali,Chart-15,unknown,47
jKali,Chart-15,unknown,48
jKali,Chart-15,unknown,49
jKali,Chart-15,unknown,50
jKali,Chart-15,unknown,51
jKali,Chart-15,unknown,52
jKali,Chart-15,unknown,53
jKali,Chart-15,unknown,54
jKali,Chart-15,unknown,55
jKali,Chart-15,unknown,56
jKali,Chart-15,unknown,57
jKali,Chart-15,unknown,58
jKali,Chart-15,unknown,59
jKali,Chart-15,unknown,60
jKali,Chart-15,unknown,61
jKali,Chart-15,unknown,62
jKali,Chart-15,unknown,63
jKali,Chart-15,unknown,64
jKali,Chart-15,unknown,65
jKali,Chart-15,unknown,66
jKali,Chart-15,unknown,67
jKali,Chart-15,unknown,68
jKali,Chart-15,unknown,69
jKali,Chart-15,unknown,70
jKali,Chart-15,unknown,71
jKali,Chart-15,unknown,72
jKali,Chart-15,unknown,73
jKali,Chart-15,unknown,74
jKali,Chart-15,unknown,75
jKali,Chart-15,unknown,76
jKali,Chart-15,unknown,77
jKali,Chart-15,unknown,78
jKali,Chart-15,unknown,79
jKali,Chart-15,unknown,80
jKali,Chart-15,unknown,81
jKali,Chart-15,unknown,82
jKali,Chart-15,unknown,83
jKali,Chart-15,unknown,84
jKali,Chart-15,unknown,85
jKali,Chart-15,unknown,86
jKali,Chart-25,unknown,102
jKali,Chart-25,unknown,103
jKali,Chart-25,unknown,104
jKali,Chart-25,unknown,105
jKali,Chart-25,unknown,106
jKali,Chart-25,unknown,107
jKali,Chart-25,unknown,108
jKali,Chart-25,unknown,24
jKali,Chart-26,overfitting,1
jKali,Chart-26,unknown,10
jKali,Chart-26,unknown,41
jKali,Chart-26,unknown,42
jKali,Chart-26,unknown,43
jKali,Chart-26,unknown,44
jKali,Chart-26,unknown,45
jKali,Chart-26,unknown,46
jKali,Chart-26,unknown,47
jKali,Chart-26,unknown,48
jKali,Chart-26,unknown,49
jKali,Chart-26,unknown,50
jKali,Chart-26,unknown,51
jKali,Chart-26,unknown,52
jKali,Chart-26,unknown,53
jKali,Chart-26,unknown,54
jKali,Chart-26,unknown,55
jKali,Chart-26,unknown,56
jKali,Chart-26,unknown,57
jKali,Chart-26,unknown,58
jKali,Chart-26,unknown,59
jKali,Chart-26,unknown,60
jKali,Chart-26,unknown,61
jKali,Chart-26,unknown,62
jKali,Chart-26,unknown,63
jKali,Chart-26,unknown,64
jKali,Chart-26,unknown,65
jKali,Chart-26,unknown,66
jKali,Chart-26,unknown,67
jKali,Chart-26,unknown,68
jKali,Chart-26,unknown,69
jKali,Chart-26,unknown,7
jKali,Chart-26,unknown,70
jKali,Chart-26,unknown,71
jKali,Chart-26,unknown,9
jKali,Chart-5,overfitting,4
jKali,Closure-126,correct,3
jKali,Closure-126,correct,9
jKali,Closure-126,overfitting,349
jKali,Closure-126,overfitting,350
jKali,Closure-126,overfitting,352
jKali,Closure-126,overfitting,353
jKali,Closure-126,overfitting,354
jKali,Closure-129,overfitting,2
jKali,Closure-13,overfitting,2
jKali,Closure-13,unknown,1
jKali,Closure-22,overfitting,0
jKali,Closure-22,unknown,12
jKali,Closure-22,unknown,13
jKali,Closure-22,unknown,31
jKali,Closure-22,unknown,32
jKali,Closure-22,unknown,33
jKali,Closure-22,unknown,34
jKali,Closure-45,unknown,0
jKali,Closure-46,correct,2
jKali,Closure-46,overfitting,222
jKali,Closure-46,overfitting,223
jKali,Closure-46,overfitting,224
jKali,Closure-46,overfitting,225
jKali,Closure-46,overfitting,228
jKali,Closure-59,unknown,0
jKali,Closure-62,overfitting,10
jKali,Lang-22,unknown,0
jKali,Lang-22,unknown,1
jKali,Lang-51,overfitting,154
jKali,Lang-51,unknown,59
jKali,Lang-55,overfitting,23
jKali,Lang-55,overfitting,24
jKali,Lang-63,overfitting,1
jKali,Lang-63,unknown,0
jKali,Lang-63,unknown,20
jKali,Lang-63,unknown,21
jKali,Lang-63,unknown,22
jKali,Lang-63,unknown,23
jKali,Lang-63,unknown,24
jKali,Lang-63,unknown,25
jKali,Lang-63,unknown,26
jKali,Lang-63,unknown,27
jKali,Lang-63,unknown,28
jKali,Lang-63,unknown,29
jKali,Math-28,unknown,1
jKali,Math-28,unknown,100
jKali,Math-28,unknown,101
jKali,Math-28,unknown,99
jKali,Math-32,overfitting,3
jKali,Math-49,overfitting,12
jKali,Math-49,unknown,2
jKali,Math-49,unknown,6
jKali,Math-49,unknown,7
jKali,Math-80,overfitting,1270
jKali,Math-80,overfitting,1271
jKali,Math-80,overfitting,1272
jKali,Math-80,overfitting,1280
jKali,Math-80,overfitting,1282
jKali,Math-80,overfitting,1283
jKali,Math-80,overfitting,1284
jKali,Math-80,overfitting,1285
jKali,Math-80,overfitting,1286
jKali,Math-80,overfitting,1287
jKali,Math-80,overfitting,1288
jKali,Math-80,overfitting,1289
jKali,Math-80,overfitting,16
jKali,Math-80,overfitting,29
jKali,Math-95,unknown,17
jKali,Math-95,unknown,18
jKali,Math-95,unknown,19
jKali,Math-95,unknown,20
jKali,Time-11,unknown,1
jKali,Time-4,unknown,17
jMutRepair,Chart-1,correct,1
jMutRepair,Chart-1,correct,6
jMutRepair,Chart-25,overfitting,7
jMutRepair,Chart-25,unknown,109
jMutRepair,Chart-25,unknown,110
jMutRepair,Chart-25,unknown,111
jMutRepair,Chart-25,unknown,112
jMutRepair,Chart-25,unknown,113
jMutRepair,Chart-25,unknown,114
jMutRepair,Chart-25,unknown,115
jMutRepair,Chart-25,unknown,116
jMutRepair,Chart-25,unknown,117
jMutRepair,Chart-25,unknown,118
jMutRepair,Chart-25,unknown,119
jMutRepair,Chart-25,unknown,120
jMutRepair,Chart-25,unknown,121
jMutRepair,Chart-25,unknown,122
jMutRepair,Chart-25,unknown,123
jMutRepair,Chart-25,unknown,124
jMutRepair,Chart-25,unknown,125
jMutRepair,Chart-25,unknown,126
jMutRepair,Chart-25,unknown,127
jMutRepair,Chart-25,unknown,128
jMutRepair,Chart-25,unknown,129
jMutRepair,Chart-25,unknown,130
jMutRepair,Chart-25,unknown,131
jMutRepair,Chart-7,overfitting,8
jMutRepair,Closure-10,overfitting,391
jMutRepair,Closure-115,unknown,6
jMutRepair,Closure-21,unknown,21
jMutRepair,Closure-21,unknown,22
jMutRepair,Closure-21,unknown,23
jMutRepair,Closure-21,unknown,24
jMutRepair,Closure-21,unknown,25
jMutRepair,Closure-21,unknown,26
jMutRepair,Closure-62,correct,6
jMutRepair,Closure-62,overfitting,11
jMutRepair,Lang-44,unknown,30
jMutRepair,Lang-51,overfitting,9
jMutRepair,Lang-51,unknown,52
jMutRepair,Lang-58,overfitting,57
jMutRepair,Lang-58,overfitting,58
jMutRepair,Lang-63,unknown,16
jMutRepair,Lang-63,unknown,17
jMutRepair,Lang-63,unknown,30
jMutRepair,Lang-63,unknown,31
jMutRepair,Math-28,overfitting,24
jMutRepair,Math-28,unknown,102
jMutRepair,Math-28,unknown,103
jMutRepair,Math-28,unknown,104
jMutRepair,Math-28,unknown,105
jMutRepair,Math-28,unknown,106
jMutRepair,Math-28,unknown,107
jMutRepair,Math-28,unknown,108
jMutRepair,Math-28,unknown,109
jMutRepair,Math-28,unknown,110
jMutRepair,Math-28,unknown,80
jMutRepair,Math-50,overfitting,3
jMutRepair,Math-57,overfitting,4
jMutRepair,Math-58,overfitting,137
jMutRepair,Math-80,overfitting,1273
jMutRepair,Math-80,overfitting,1274
jMutRepair,Math-81,unknown,119
jMutRepair,Math-81,unknown,120
jMutRepair,Math-81,unknown,121
jMutRepair,Math-81,unknown,122
jMutRepair,Math-81,unknown,123
jMutRepair,Math-81,unknown,124
jMutRepair,Math-81,unknown,125
jMutRepair,Math-81,unknown,126
jMutRepair,Math-81,unknown,127
jMutRepair,Math-81,unknown,128
jMutRepair,Math-81,unknown,129
jMutRepair,Math-81,unknown,130
jMutRepair,Math-81,unknown,131
jMutRepair,Math-81,unknown,132
jMutRepair,Math-81,unknown,133
jMutRepair,Math-81,unknown,134
jMutRepair,Math-81,unknown,135
jMutRepair,Math-81,unknown,136
jMutRepair,Math-81,unknown,137
jMutRepair,Math-81,unknown,138
jMutRepair,Math-81,unknown,139
jMutRepair,Math-81,unknown,140
jMutRepair,Math-81,unknown,141
jMutRepair,Math-81,unknown,142
jMutRepair,Math-81,unknown,143
jMutRepair,Math-82,correct,8
jMutRepair,Math-82,overfitting,0
jMutRepair,Math-84,overfitting,2
jMutRepair,Math-84,overfitting,7
jMutRepair,Math-84,unknown,0
jMutRepair,Math-84,unknown,4
jMutRepair,Math-85,correct,6
jMutRepair,Math-85,overfitting,373
jMutRepair,Math-85,overfitting,374
jMutRepair,Math-88,overfitting,0
kPAR,Chart-1,correct,1
kPAR,Chart-1,overfitting,402
kPAR,Chart-1,overfitting,403
kPAR,Chart-1,overfitting,404
kPAR,Chart-15,unknown,21
kPAR,Chart-15,unknown,22
kPAR,Chart-25,unknown,67
kPAR,Chart-25,unknown,68
kPAR,Chart-25,unknown,69
kPAR,Chart-25,unknown,70
kPAR,Chart-25,unknown,71
kPAR,Chart-25,unknown,72
kPAR,Chart-25,unknown,73
kPAR,Chart-25,unknown,74
kPAR,Chart-25,unknown,75
kPAR,Chart-25,unknown,76
kPAR,Chart-25,unknown,77
kPAR,Chart-25,unknown,78
kPAR,Chart-25,unknown,79
kPAR,Chart-25,unknown,80
kPAR,Chart-25,unknown,81
kPAR,Chart-25,unknown,82
kPAR,Chart-25,unknown,83
kPAR,Chart-25,unknown,84
kPAR,Chart-26,unknown,26
kPAR,Chart-26,unknown,27
kPAR,Chart-26,unknown,28
kPAR,Chart-26,unknown,29
kPAR,Chart-26,unknown,30
kPAR,Chart-26,unknown,31
kPAR,Chart-26,unknown,32
kPAR,Chart-26,unknown,33
kPAR,Chart-26,unknown,34
kPAR,Chart-26,unknown,35
kPAR,Chart-5,overfitting,6
kPAR,Chart-5,unknown,2
kPAR,Chart-5,unknown,3
kPAR,Chart-5,unknown,4
kPAR,Chart-5,unknown,5
kPAR,Chart-5,unknown,6
kPAR,Chart-5,unknown,7
kPAR,Chart-5,unknown,8
kPAR,Chart-5,unknown,9
kPAR,Chart-7,overfitting,2
kPAR,Chart-7,overfitting,42
kPAR,Chart-7,overfitting,43
kPAR,Chart-7,overfitting,44
kPAR,Chart-7,overfitting,45
kPAR,Chart-7,overfitting,5
kPAR,Lang-44,overfitting,4
kPAR,Lang-44,unknown,13
kPAR,Lang-44,unknown,17
kPAR,Lang-44,unknown,22
kPAR,Lang-44,unknown,23
kPAR,Lang-44,unknown,24
kPAR,Lang-44,unknown,25
kPAR,Lang-44,unknown,26
kPAR,Lang-44,unknown,27
kPAR,Lang-51,overfitting,10
kPAR,Lang-51,unknown,53
kPAR,Lang-51,unknown,55
kPAR,Lang-51,unknown,56
kPAR,Lang-51,unknown,57
kPAR,Lang-51,unknown,58
kPAR,Lang-57,overfitting,0
kPAR,Lang-58,overfitting,5
kPAR,Lang-58,overfitting,6
kPAR,Lang-58,overfitting,60
kPAR,Lang-58,overfitting,61
kPAR,Lang-58,overfitting,62
kPAR,Lang-58,overfitting,64
kPAR,Lang-58,overfitting,65
kPAR,Lang-58,overfitting,66
kPAR,Lang-58,overfitting,67
kPAR,Lang-58,overfitting,69
kPAR,Lang-58,overfitting,7
kPAR,Lang-58,overfitting,70
kPAR,Lang-58,overfitting,75
kPAR,Lang-58,overfitting,78
kPAR,Lang-58,overfitting,80
kPAR,Lang-58,overfitting,82
kPAR,Lang-58,overfitting,83
kPAR,Lang-58,overfitting,84
kPAR,Lang-58,overfitting,85
kPAR,Lang-58,overfitting,86
kPAR,Lang-58,overfitting,87
kPAR,Lang-58,overfitting,88
kPAR,Lang-58,overfitting,89
kPAR,Lang-58,overfitting,9
kPAR,Lang-58,overfitting,90
kPAR,Lang-58,overfitting,91
kPAR,Lang-58,overfitting,92
kPAR,Lang-59,correct,1
kPAR,Lang-59,overfitting,123
kPAR,Lang-59,overfitting,21
kPAR,Lang-63,overfitting,14
kPAR,Lang-63,overfitting,9
kPAR,Lang-63,unknown,15
kPAR,Lang-63,unknown,16
kPAR,Lang-63,unknown,17
kPAR,Lang-63,unknown,18
kPAR,Lang-63,unknown,19
kPAR,Lang-7,unknown,0
kPAR,Lang-7,unknown,1
kPAR,Lang-7,unknown,10
kPAR,Lang-7,unknown,11
kPAR,Lang-7,unknown,12
kPAR,Lang-7,unknown,13
kPAR,Lang-7,unknown,14
kPAR,Lang-7,unknown,15
kPAR,Lang-7,unknown,16
kPAR,Lang-7,unknown,17
kPAR,Lang-7,unknown,18
kPAR,Lang-7,unknown,19
kPAR,Lang-7,unknown,2
kPAR,Lang-7,unknown,20
kPAR,Lang-7,unknown,21
kPAR,Lang-7,unknown,22
kPAR,Lang-7,unknown,23
kPAR,Lang-7,unknown,24
kPAR,Lang-7,unknown,25
kPAR,Lang-7,unknown,26
kPAR,Lang-7,unknown,27
kPAR,Lang-7,unknown,28
kPAR,Lang-7,unknown,29
kPAR,Lang-7,unknown,3
kPAR,Lang-7,unknown,30
kPAR,Lang-7,unknown,31
kPAR,Lang-7,unknown,32
kPAR,Lang-7,unknown,33
kPAR,Lang-7,unknown,34
kPAR,Lang-7,unknown,35
kPAR,Lang-7,unknown,36
kPAR,Lang-7,unknown,37
kPAR,Lang-7,unknown,38
kPAR,Lang-7,unknown,39
kPAR,Lang-7,unknown,4
kPAR,Lang-7,unknown,40
kPAR,Lang-7,unknown,41
kPAR,Lang-7,unknown,42
kPAR,Lang-7,unknown,43
kPAR,Lang-7,unknown,44
kPAR,Lang-7,unknown,45
kPAR,Lang-7,unknown,46
kPAR,Lang-7,unknown,47
kPAR,Lang-7,unknown,48
kPAR,Lang-7,unknown,49
kPAR,Lang-7,unknown,5
kPAR,Lang-7,unknown,50
kPAR,Lang-7,unknown,51
kPAR,Lang-7,unknown,52
kPAR,Lang-7,unknown,53
kPAR,Lang-7,unknown,54
kPAR,Lang-7,unknown,55
kPAR,Lang-7,unknown,56
kPAR,Lang-7,unknown,57
kPAR,Lang-7,unknown,58
kPAR,Lang-7,unknown,59
kPAR,Lang-7,unknown,6
kPAR,Lang-7,unknown,60
kPAR,Lang-7,unknown,61
kPAR,Lang-7,unknown,62
kPAR,Lang-7,unknown,63
kPAR,Lang-7,unknown,64
kPAR,Lang-7,unknown,65
kPAR,Lang-7,unknown,66
kPAR,Lang-7,unknown,67
kPAR,Lang-7,unknown,68
kPAR,Lang-7,unknown,69
kPAR,Lang-7,unknown,7
kPAR,Lang-7,unknown,70
kPAR,Lang-7,unknown,71
kPAR,Lang-7,unknown,72
kPAR,Lang-7,unknown,73
kPAR,Lang-7,unknown,74
kPAR,Lang-7,unknown,75
kPAR,Lang-7,unknown,76
kPAR,Lang-7,unknown,77
kPAR,Lang-7,unknown,78
kPAR,Lang-7,unknown,79
kPAR,Lang-7,unknown,8
kPAR,Lang-7,unknown,80
kPAR,Lang-7,unknown,81
kPAR,Lang-7,unknown,82
kPAR,Lang-7,unknown,83
kPAR,Lang-7,unknown,84
kPAR,Lang-7,unknown,85
kPAR,Lang-7,unknown,86
kPAR,Lang-7,unknown,87
kPAR,Lang-7,unknown,9
kPAR,Math-33,overfitting,28
kPAR,Math-33,overfitting,29
kPAR,Math-33,overfitting,30
kPAR,Math-33,overfitting,31
kPAR,Math-33,overfitting,32
kPAR,Math-33,overfitting,33
kPAR,Math-33,overfitting,34
kPAR,Math-33,overfitting,35
kPAR,Math-33,overfitting,36
kPAR,Math-33,overfitting,37
kPAR,Math-33,overfitting,38
kPAR,Math-33,overfitting,39
kPAR,Math-4,unknown,10
kPAR,Math-4,unknown,11
kPAR,Math-4,unknown,12
kPAR,Math-4,unknown,13
kPAR,Math-4,unknown,14
kPAR,Math-4,unknown,15
kPAR,Math-4,unknown,16
kPAR,Math-4,unknown,17
kPAR,Math-4,unknown,18
kPAR,Math-4,unknown,19
kPAR,Math-4,unknown,2
kPAR,Math-4,unknown,20
kPAR,Math-4,unknown,21
kPAR,Math-4,unknown,22
kPAR,Math-4,unknown,23
kPAR,Math-4,unknown,24
kPAR,Math-4,unknown,25
kPAR,Math-4,unknown,26
kPAR,Math-4,unknown,27
kPAR,Math-4,unknown,28
kPAR,Math-4,unknown,29
kPAR,Math-4,unknown,3
kPAR,Math-4,unknown,30
kPAR,Math-4,unknown,31
kPAR,Math-4,unknown,32
kPAR,Math-4,unknown,33
kPAR,Math-4,unknown,34
kPAR,Math-4,unknown,35
kPAR,Math-4,unknown,36
kPAR,Math-4,unknown,37
kPAR,Math-4,unknown,38
kPAR,Math-4,unknown,39
kPAR,Math-4,unknown,4
kPAR,Math-4,unknown,40
kPAR,Math-4,unknown,41
kPAR,Math-4,unknown,42
kPAR,Math-4,unknown,43
kPAR,Math-4,unknown,44
kPAR,Math-4,unknown,45
kPAR,Math-4,unknown,46
kPAR,Math-4,unknown,47
kPAR,Math-4,unknown,48
kPAR,Math-4,unknown,49
kPAR,Math-4,unknown,5
kPAR,Math-4,unknown,50
kPAR,Math-4,unknown,51
kPAR,Math-4,unknown,52
kPAR,Math-4,unknown,53
kPAR,Math-4,unknown,54
kPAR,Math-4,unknown,55
kPAR,Math-4,unknown,56
kPAR,Math-4,unknown,57
kPAR,Math-4,unknown,6
kPAR,Math-4,unknown,7
kPAR,Math-4,unknown,8
kPAR,Math-4,unknown,9
kPAR,Math-50,correct,10
kPAR,Math-50,correct,45
kPAR,Math-50,correct,46
kPAR,Math-50,correct,47
kPAR,Math-50,correct,48
kPAR,Math-50,correct,49
kPAR,Math-50,correct,50
kPAR,Math-50,correct,51
kPAR,Math-50,correct,52
kPAR,Math-50,overfitting,353
kPAR,Math-50,overfitting,354
kPAR,Math-50,overfitting,356
kPAR,Math-50,overfitting,357
kPAR,Math-50,overfitting,358
kPAR,Math-50,overfitting,359
kPAR,Math-50,overfitting,361
kPAR,Math-50,overfitting,362
kPAR,Math-50,overfitting,363
kPAR,Math-50,overfitting,364
kPAR,Math-50,overfitting,365
kPAR,Math-50,overfitting,366
kPAR,Math-50,overfitting,367
kPAR,Math-50,overfitting,368
kPAR,Math-50,overfitting,369
kPAR,Math-50,overfitting,370
kPAR,Math-50,overfitting,371
kPAR,Math-50,overfitting,372
kPAR,Math-50,overfitting,373
kPAR,Math-50,overfitting,376
kPAR,Math-50,overfitting,377
kPAR,Math-50,overfitting,379
kPAR,Math-50,overfitting,380
kPAR,Math-50,overfitting,381
kPAR,Math-50,overfitting,382
kPAR,Math-50,overfitting,383
kPAR,Math-50,overfitting,388
kPAR,Math-50,overfitting,389
kPAR,Math-50,overfitting,390
kPAR,Math-50,overfitting,391
kPAR,Math-50,overfitting,392
kPAR,Math-50,overfitting,394
kPAR,Math-50,overfitting,397
kPAR,Math-50,overfitting,398
kPAR,Math-50,overfitting,399
kPAR,Math-50,overfitting,9
kPAR,Math-62,overfitting,0
kPAR,Math-62,overfitting,1
kPAR,Math-62,unknown,1
kPAR,Math-81,overfitting,17
kPAR,Math-81,overfitting,7
kPAR,Math-81,unknown,10
kPAR,Math-81,unknown,100
kPAR,Math-81,unknown,101
kPAR,Math-81,unknown,102
kPAR,Math-81,unknown,103
kPAR,Math-81,unknown,104
kPAR,Math-81,unknown,105
kPAR,Math-81,unknown,106
kPAR,Math-81,unknown,107
kPAR,Math-81,unknown,108
kPAR,Math-81,unknown,109
kPAR,Math-81,unknown,11
kPAR,Math-81,unknown,110
kPAR,Math-81,unknown,111
kPAR,Math-81,unknown,112
kPAR,Math-81,unknown,113
kPAR,Math-81,unknown,114
kPAR,Math-81,unknown,115
kPAR,Math-81,unknown,116
kPAR,Math-81,unknown,117
kPAR,Math-81,unknown,118
kPAR,Math-81,unknown,12
kPAR,Math-81,unknown,13
kPAR,Math-81,unknown,14
kPAR,Math-81,unknown,15
kPAR,Math-81,unknown,16
kPAR,Math-81,unknown,17
kPAR,Math-81,unknown,18
kPAR,Math-81,unknown,19
kPAR,Math-81,unknown,20
kPAR,Math-81,unknown,21
kPAR,Math-81,unknown,22
kPAR,Math-81,unknown,23
kPAR,Math-81,unknown,24
kPAR,Math-81,unknown,25
kPAR,Math-81,unknown,26
kPAR,Math-81,unknown,27
kPAR,Math-81,unknown,28
kPAR,Math-81,unknown,29
kPAR,Math-81,unknown,30
kPAR,Math-81,unknown,31
kPAR,Math-81,unknown,32
kPAR,Math-81,unknown,33
kPAR,Math-81,unknown,34
kPAR,Math-81,unknown,35
kPAR,Math-81,unknown,36
kPAR,Math-81,unknown,37
kPAR,Math-81,unknown,38
kPAR,Math-81,unknown,39
kPAR,Math-81,unknown,40
kPAR,Math-81,unknown,41
kPAR,Math-81,unknown,42
kPAR,Math-81,unknown,43
kPAR,Math-81,unknown,44
kPAR,Math-81,unknown,45
kPAR,Math-81,unknown,46
kPAR,Math-81,unknown,47
kPAR,Math-81,unknown,48
kPAR,Math-81,unknown,49
kPAR,Math-81,unknown,50
kPAR,Math-81,unknown,51
kPAR,Math-81,unknown,52
kPAR,Math-81,unknown,53
kPAR,Math-81,unknown,54
kPAR,Math-81,unknown,55
kPAR,Math-81,unknown,56
kPAR,Math-81,unknown,57
kPAR,Math-81,unknown,58
kPAR,Math-81,unknown,59
kPAR,Math-81,unknown,60
kPAR,Math-81,unknown,61
kPAR,Math-81,unknown,62
kPAR,Math-81,unknown,63
kPAR,Math-81,unknown,64
kPAR,Math-81,unknown,65
kPAR,Math-81,unknown,66
kPAR,Math-81,unknown,67
kPAR,Math-81,unknown,68
kPAR,Math-81,unknown,69
kPAR,Math-81,unknown,70
kPAR,Math-81,unknown,71
kPAR,Math-81,unknown,72
kPAR,Math-81,unknown,73
kPAR,Math-81,unknown,74
kPAR,Math-81,unknown,75
kPAR,Math-81,unknown,76
kPAR,Math-81,unknown,77
kPAR,Math-81,unknown,78
kPAR,Math-81,unknown,79
kPAR,Math-81,unknown,80
kPAR,Math-81,unknown,81
kPAR,Math-81,unknown,82
kPAR,Math-81,unknown,83
kPAR,Math-81,unknown,84
kPAR,Math-81,unknown,85
kPAR,Math-81,unknown,86
kPAR,Math-81,unknown,87
kPAR,Math-81,unknown,88
kPAR,Math-81,unknown,89
kPAR,Math-81,unknown,90
kPAR,Math-81,unknown,91
kPAR,Math-81,unknown,92
kPAR,Math-81,unknown,93
kPAR,Math-81,unknown,94
kPAR,Math-81,unknown,95
kPAR,Math-81,unknown,96
kPAR,Math-81,unknown,97
kPAR,Math-81,unknown,98
kPAR,Math-81,unknown,99
kPAR,Math-84,overfitting,2
kPAR,Math-84,unknown,0
kPAR,Math-84,unknown,1
kPAR,Math-84,unknown,2
kPAR,Math-84,unknown,3
kPAR,Math-88,overfitting,4
kPAR,Math-89,correct,2
kPAR,Time-18,unknown,0
kPAR,Time-18,unknown,1
kPAR,Time-18,unknown,10
kPAR,Time-18,unknown,11
kPAR,Time-18,unknown,12
kPAR,Time-18,unknown,13
kPAR,Time-18,unknown,14
kPAR,Time-18,unknown,15
kPAR,Time-18,unknown,16
kPAR,Time-18,unknown,17
kPAR,Time-18,unknown,18
kPAR,Time-18,unknown,19
kPAR,Time-18,unknown,2
kPAR,Time-18,unknown,20
kPAR,Time-18,unknown,21
kPAR,Time-18,unknown,22
kPAR,Time-18,unknown,23
kPAR,Time-18,unknown,24
kPAR,Time-18,unknown,25
kPAR,Time-18,unknown,26
kPAR,Time-18,unknown,27
kPAR,Time-18,unknown,28
kPAR,Time-18,unknown,29
kPAR,Time-18,unknown,3
kPAR,Time-18,unknown,30
kPAR,Time-18,unknown,31
kPAR,Time-18,unknown,32
kPAR,Time-18,unknown,33
kPAR,Time-18,unknown,34
kPAR,Time-18,unknown,35
kPAR,Time-18,unknown,36
kPAR,Time-18,unknown,37
kPAR,Time-18,unknown,38
kPAR,Time-18,unknown,39
kPAR,Time-18,unknown,4
kPAR,Time-18,unknown,5
kPAR,Time-18,unknown,6
kPAR,Time-18,unknown,7
kPAR,Time-18,unknown,8
kPAR,Time-18,unknown,9
kPAR,Time-7,correct,1
