Chart-1,correct,1
Chart-1,correct,4
Chart-1,correct,5
Chart-1,correct,6
Chart-1,correct,7
Chart-1,overfitting,0
Chart-1,overfitting,1
Chart-1,overfitting,19
Chart-1,overfitting,3
Chart-1,overfitting,402
Chart-1,overfitting,403
Chart-1,overfitting,404
Chart-1,overfitting,405
Chart-1,overfitting,406
Chart-1,overfitting,407
Chart-1,overfitting,408
Chart-1,overfitting,409
Chart-1,overfitting,410
Chart-1,overfitting,411
Chart-1,overfitting,412
Chart-1,overfitting,413
Chart-1,overfitting,414
Chart-1,overfitting,415
Chart-1,overfitting,416
Chart-11,correct,1
Chart-12,overfitting,13
Chart-12,unknown,0
Chart-12,unknown,1
Chart-12,unknown,2
Chart-12,unknown,3
Chart-12,unknown,4
Chart-12,unknown,5
Chart-12,unknown,6
Chart-12,unknown,7
Chart-13,overfitting,11
Chart-13,overfitting,216
Chart-13,overfitting,24
Chart-13,overfitting,7
Chart-13,unknown,0
Chart-13,unknown,1
Chart-13,unknown,10
Chart-13,unknown,100
Chart-13,unknown,101
Chart-13,unknown,102
Chart-13,unknown,103
Chart-13,unknown,104
Chart-13,unknown,105
Chart-13,unknown,106
Chart-13,unknown,107
Chart-13,unknown,108
Chart-13,unknown,109
Chart-13,unknown,11
Chart-13,unknown,110
Chart-13,unknown,111
Chart-13,unknown,112
Chart-13,unknown,12
Chart-13,unknown,13
Chart-13,unknown,14
Chart-13,unknown,15
Chart-13,unknown,16
Chart-13,unknown,17
Chart-13,unknown,18
Chart-13,unknown,19
Chart-13,unknown,2
Chart-13,unknown,20
Chart-13,unknown,21
Chart-13,unknown,22
Chart-13,unknown,23
Chart-13,unknown,24
Chart-13,unknown,25
Chart-13,unknown,26
Chart-13,unknown,27
Chart-13,unknown,28
Chart-13,unknown,29
Chart-13,unknown,3
Chart-13,unknown,30
Chart-13,unknown,31
Chart-13,unknown,32
Chart-13,unknown,33
Chart-13,unknown,34
Chart-13,unknown,35
Chart-13,unknown,36
Chart-13,unknown,37
Chart-13,unknown,38
Chart-13,unknown,39
Chart-13,unknown,4
Chart-13,unknown,40
Chart-13,unknown,41
Chart-13,unknown,42
Chart-13,unknown,43
Chart-13,unknown,44
Chart-13,unknown,45
Chart-13,unknown,46
Chart-13,unknown,47
Chart-13,unknown,48
Chart-13,unknown,49
Chart-13,unknown,5
Chart-13,unknown,50
Chart-13,unknown,51
Chart-13,unknown,52
Chart-13,unknown,53
Chart-13,unknown,54
Chart-13,unknown,55
Chart-13,unknown,56
Chart-13,unknown,57
Chart-13,unknown,58
Chart-13,unknown,59
Chart-13,unknown,6
Chart-13,unknown,60
Chart-13,unknown,61
Chart-13,unknown,62
Chart-13,unknown,63
Chart-13,unknown,64
Chart-13,unknown,65
Chart-13,unknown,66
Chart-13,unknown,67
Chart-13,unknown,68
Chart-13,unknown,69
Chart-13,unknown,7
Chart-13,unknown,70
Chart-13,unknown,71
Chart-13,unknown,72
Chart-13,unknown,73
Chart-13,unknown,74
Chart-13,unknown,75
Chart-13,unknown,76
Chart-13,unknown,77
Chart-13,unknown,78
Chart-13,unknown,79
Chart-13,unknown,8
Chart-13,unknown,80
Chart-13,unknown,81
Chart-13,unknown,82
Chart-13,unknown,83
Chart-13,unknown,84
Chart-13,unknown,85
Chart-13,unknown,86
Chart-13,unknown,87
Chart-13,unknown,88
Chart-13,unknown,89
Chart-13,unknown,9
Chart-13,unknown,90
Chart-13,unknown,91
Chart-13,unknown,92
Chart-13,unknown,93
Chart-13,unknown,94
Chart-13,unknown,95
Chart-13,unknown,96
Chart-13,unknown,97
Chart-13,unknown,98
Chart-13,unknown,99
Chart-15,overfitting,387
Chart-15,overfitting,4
Chart-15,overfitting,5
Chart-15,unknown,0
Chart-15,unknown,1
Chart-15,unknown,10
Chart-15,unknown,11
Chart-15,unknown,12
Chart-15,unknown,13
Chart-15,unknown,14
Chart-15,unknown,15
Chart-15,unknown,16
Chart-15,unknown,17
Chart-15,unknown,18
Chart-15,unknown,19
Chart-15,unknown,2
Chart-15,unknown,20
Chart-15,unknown,21
Chart-15,unknown,22
Chart-15,unknown,23
Chart-15,unknown,24
Chart-15,unknown,25
Chart-15,unknown,26
Chart-15,unknown,27
Chart-15,unknown,28
Chart-15,unknown,29
Chart-15,unknown,3
Chart-15,unknown,30
Chart-15,unknown,31
Chart-15,unknown,32
Chart-15,unknown,33
Chart-15,unknown,34
Chart-15,unknown,35
Chart-15,unknown,36
Chart-15,unknown,37
Chart-15,unknown,38
Chart-15,unknown,39
Chart-15,unknown,4
Chart-15,unknown,40
Chart-15,unknown,41
Chart-15,unknown,42
Chart-15,unknown,43
Chart-15,unknown,44
Chart-15,unknown,45
Chart-15,unknown,46
Chart-15,unknown,47
Chart-15,unknown,48
Chart-15,unknown,49
Chart-15,unknown,5
Chart-15,unknown,50
Chart-15,unknown,51
Chart-15,unknown,52
Chart-15,unknown,53
Chart-15,unknown,54
Chart-15,unknown,55
Chart-15,unknown,56
Chart-15,unknown,57
Chart-15,unknown,58
Chart-15,unknown,59
Chart-15,unknown,6
Chart-15,unknown,60
Chart-15,unknown,61
Chart-15,unknown,62
Chart-15,unknown,63
Chart-15,unknown,64
Chart-15,unknown,65
Chart-15,unknown,66
Chart-15,unknown,67
Chart-15,unknown,68
Chart-15,unknown,69
Chart-15,unknown,7
Chart-15,unknown,70
Chart-15,unknown,71
Chart-15,unknown,72
Chart-15,unknown,73
Chart-15,unknown,74
Chart-15,unknown,75
Chart-15,unknown,76
Chart-15,unknown,77
Chart-15,unknown,78
Chart-15,unknown,79
Chart-15,unknown,8
Chart-15,unknown,80
Chart-15,unknown,81
Chart-15,unknown,82
Chart-15,unknown,83
Chart-15,unknown,84
Chart-15,unknown,85
Chart-15,unknown,86
Chart-15,unknown,9
Chart-17,overfitting,1
Chart-17,unknown,0
Chart-17,unknown,1
Chart-17,unknown,10
Chart-17,unknown,11
Chart-17,unknown,12
Chart-17,unknown,13
Chart-17,unknown,14
Chart-17,unknown,15
Chart-17,unknown,16
Chart-17,unknown,17
Chart-17,unknown,18
Chart-17,unknown,19
Chart-17,unknown,2
Chart-17,unknown,20
Chart-17,unknown,21
Chart-17,unknown,3
Chart-17,unknown,4
Chart-17,unknown,5
Chart-17,unknown,6
Chart-17,unknown,7
Chart-17,unknown,8
Chart-17,unknown,9
Chart-18,overfitting,2
Chart-19,unknown,0
Chart-19,unknown,1
Chart-19,unknown,2
Chart-19,unknown,3
Chart-20,correct,1
Chart-20,correct,2
Chart-21,unknown,0
Chart-21,unknown,1
Chart-22,unknown,0
Chart-22,unknown,1
Chart-22,unknown,2
Chart-22,unknown,3
Chart-22,unknown,4
Chart-24,correct,1
Chart-25,overfitting,0
Chart-25,overfitting,1
Chart-25,overfitting,14
Chart-25,overfitting,15
Chart-25,overfitting,168
Chart-25,overfitting,18
Chart-25,overfitting,2
Chart-25,overfitting,3
Chart-25,overfitting,4
Chart-25,overfitting,7
Chart-25,unknown,0
Chart-25,unknown,1
Chart-25,unknown,10
Chart-25,unknown,100
Chart-25,unknown,101
Chart-25,unknown,102
Chart-25,unknown,103
Chart-25,unknown,104
Chart-25,unknown,105
Chart-25,unknown,106
Chart-25,unknown,107
Chart-25,unknown,108
Chart-25,unknown,109
Chart-25,unknown,11
Chart-25,unknown,110
Chart-25,unknown,111
Chart-25,unknown,112
Chart-25,unknown,113
Chart-25,unknown,114
Chart-25,unknown,115
Chart-25,unknown,116
Chart-25,unknown,117
Chart-25,unknown,118
Chart-25,unknown,119
Chart-25,unknown,12
Chart-25,unknown,120
Chart-25,unknown,121
Chart-25,unknown,122
Chart-25,unknown,123
Chart-25,unknown,124
Chart-25,unknown,125
Chart-25,unknown,126
Chart-25,unknown,127
Chart-25,unknown,128
Chart-25,unknown,129
Chart-25,unknown,13
Chart-25,unknown,130
Chart-25,unknown,131
Chart-25,unknown,14
Chart-25,unknown,15
Chart-25,unknown,16
Chart-25,unknown,17
Chart-25,unknown,18
Chart-25,unknown,19
Chart-25,unknown,2
Chart-25,unknown,20
Chart-25,unknown,21
Chart-25,unknown,22
Chart-25,unknown,23
Chart-25,unknown,24
Chart-25,unknown,25
Chart-25,unknown,26
Chart-25,unknown,27
Chart-25,unknown,28
Chart-25,unknown,29
Chart-25,unknown,3
Chart-25,unknown,30
Chart-25,unknown,31
Chart-25,unknown,32
Chart-25,unknown,33
Chart-25,unknown,34
Chart-25,unknown,35
Chart-25,unknown,36
Chart-25,unknown,37
Chart-25,unknown,38
Chart-25,unknown,39
Chart-25,unknown,4
Chart-25,unknown,40
Chart-25,unknown,41
Chart-25,unknown,42
Chart-25,unknown,43
Chart-25,unknown,44
Chart-25,unknown,45
Chart-25,unknown,46
Chart-25,unknown,47
Chart-25,unknown,48
Chart-25,unknown,49
Chart-25,unknown,5
Chart-25,unknown,50
Chart-25,unknown,51
Chart-25,unknown,52
Chart-25,unknown,53
Chart-25,unknown,54
Chart-25,unknown,55
Chart-25,unknown,56
Chart-25,unknown,57
Chart-25,unknown,58
Chart-25,unknown,59
Chart-25,unknown,6
Chart-25,unknown,60
Chart-25,unknown,61
Chart-25,unknown,62
Chart-25,unknown,63
Chart-25,unknown,64
Chart-25,unknown,65
Chart-25,unknown,66
Chart-25,unknown,67
Chart-25,unknown,68
Chart-25,unknown,69
Chart-25,unknown,7
Chart-25,unknown,70
Chart-25,unknown,71
Chart-25,unknown,72
Chart-25,unknown,73
Chart-25,unknown,74
Chart-25,unknown,75
Chart-25,unknown,76
Chart-25,unknown,77
Chart-25,unknown,78
Chart-25,unknown,79
Chart-25,unknown,8
Chart-25,unknown,80
Chart-25,unknown,81
Chart-25,unknown,82
Chart-25,unknown,83
Chart-25,unknown,84
Chart-25,unknown,85
Chart-25,unknown,86
Chart-25,unknown,87
Chart-25,unknown,88
Chart-25,unknown,89
Chart-25,unknown,9
Chart-25,unknown,90
Chart-25,unknown,91
Chart-25,unknown,92
Chart-25,unknown,93
Chart-25,unknown,94
Chart-25,unknown,95
Chart-25,unknown,96
Chart-25,unknown,97
Chart-25,unknown,98
Chart-25,unknown,99
Chart-26,overfitting,0
Chart-26,overfitting,1
Chart-26,overfitting,6
Chart-26,overfitting,8
Chart-26,unknown,0
Chart-26,unknown,1
Chart-26,unknown,10
Chart-26,unknown,100
Chart-26,unknown,101
Chart-26,unknown,102
Chart-26,unknown,103
Chart-26,unknown,104
Chart-26,unknown,105
Chart-26,unknown,106
Chart-26,unknown,107
Chart-26,unknown,108
Chart-26,unknown,109
Chart-26,unknown,11
Chart-26,unknown,110
Chart-26,unknown,111
Chart-26,unknown,112
Chart-26,unknown,113
Chart-26,unknown,114
Chart-26,unknown,115
Chart-26,unknown,116
Chart-26,unknown,117
Chart-26,unknown,118
Chart-26,unknown,119
Chart-26,unknown,12
Chart-26,unknown,120
Chart-26,unknown,121
Chart-26,unknown,122
Chart-26,unknown,123
Chart-26,unknown,124
Chart-26,unknown,125
Chart-26,unknown,126
Chart-26,unknown,127
Chart-26,unknown,128
Chart-26,unknown,129
Chart-26,unknown,13
Chart-26,unknown,130
Chart-26,unknown,131
Chart-26,unknown,132
Chart-26,unknown,133
Chart-26,unknown,134
Chart-26,unknown,135
Chart-26,unknown,136
Chart-26,unknown,137
Chart-26,unknown,138
Chart-26,unknown,139
Chart-26,unknown,14
Chart-26,unknown,140
Chart-26,unknown,141
Chart-26,unknown,142
Chart-26,unknown,143
Chart-26,unknown,144
Chart-26,unknown,145
Chart-26,unknown,146
Chart-26,unknown,147
Chart-26,unknown,148
Chart-26,unknown,149
Chart-26,unknown,15
Chart-26,unknown,150
Chart-26,unknown,151
Chart-26,unknown,152
Chart-26,unknown,153
Chart-26,unknown,154
Chart-26,unknown,155
Chart-26,unknown,156
Chart-26,unknown,157
Chart-26,unknown,16
Chart-26,unknown,17
Chart-26,unknown,18
Chart-26,unknown,19
Chart-26,unknown,2
Chart-26,unknown,20
Chart-26,unknown,21
Chart-26,unknown,22
Chart-26,unknown,23
Chart-26,unknown,24
Chart-26,unknown,25
Chart-26,unknown,26
Chart-26,unknown,27
Chart-26,unknown,28
Chart-26,unknown,29
Chart-26,unknown,3
Chart-26,unknown,30
Chart-26,unknown,31
Chart-26,unknown,32
Chart-26,unknown,33
Chart-26,unknown,34
Chart-26,unknown,35
Chart-26,unknown,36
Chart-26,unknown,37
Chart-26,unknown,38
Chart-26,unknown,39
Chart-26,unknown,4
Chart-26,unknown,40
Chart-26,unknown,41
Chart-26,unknown,42
Chart-26,unknown,43
Chart-26,unknown,44
Chart-26,unknown,45
Chart-26,unknown,46
Chart-26,unknown,47
Chart-26,unknown,48
Chart-26,unknown,49
Chart-26,unknown,5
Chart-26,unknown,50
Chart-26,unknown,51
Chart-26,unknown,52
Chart-26,unknown,53
Chart-26,unknown,54
Chart-26,unknown,55
Chart-26,unknown,56
Chart-26,unknown,57
Chart-26,unknown,58
Chart-26,unknown,59
Chart-26,unknown,6
Chart-26,unknown,60
Chart-26,unknown,61
Chart-26,unknown,62
Chart-26,unknown,63
Chart-26,unknown,64
Chart-26,unknown,65
Chart-26,unknown,66
Chart-26,unknown,67
Chart-26,unknown,68
Chart-26,unknown,69
Chart-26,unknown,7
Chart-26,unknown,70
Chart-26,unknown,71
Chart-26,unknown,72
Chart-26,unknown,73
Chart-26,unknown,74
Chart-26,unknown,75
Chart-26,unknown,76
Chart-26,unknown,77
Chart-26,unknown,78
Chart-26,unknown,79
Chart-26,unknown,8
Chart-26,unknown,80
Chart-26,unknown,81
Chart-26,unknown,82
Chart-26,unknown,83
Chart-26,unknown,84
Chart-26,unknown,85
Chart-26,unknown,86
Chart-26,unknown,87
Chart-26,unknown,88
Chart-26,unknown,89
Chart-26,unknown,9
Chart-26,unknown,90
Chart-26,unknown,91
Chart-26,unknown,92
Chart-26,unknown,93
Chart-26,unknown,94
Chart-26,unknown,95
Chart-26,unknown,96
Chart-26,unknown,97
Chart-26,unknown,98
Chart-26,unknown,99
Chart-3,unknown,0
Chart-3,unknown,1
Chart-3,unknown,10
Chart-3,unknown,11
Chart-3,unknown,12
Chart-3,unknown,13
Chart-3,unknown,14
Chart-3,unknown,15
Chart-3,unknown,16
Chart-3,unknown,17
Chart-3,unknown,18
Chart-3,unknown,19
Chart-3,unknown,2
Chart-3,unknown,20
Chart-3,unknown,21
Chart-3,unknown,22
Chart-3,unknown,23
Chart-3,unknown,24
Chart-3,unknown,25
Chart-3,unknown,26
Chart-3,unknown,27
Chart-3,unknown,28
Chart-3,unknown,29
Chart-3,unknown,3
Chart-3,unknown,30
Chart-3,unknown,31
Chart-3,unknown,32
Chart-3,unknown,33
Chart-3,unknown,34
Chart-3,unknown,35
Chart-3,unknown,36
Chart-3,unknown,37
Chart-3,unknown,38
Chart-3,unknown,39
Chart-3,unknown,4
Chart-3,unknown,40
Chart-3,unknown,41
Chart-3,unknown,42
Chart-3,unknown,43
Chart-3,unknown,44
Chart-3,unknown,45
Chart-3,unknown,46
Chart-3,unknown,47
Chart-3,unknown,48
Chart-3,unknown,49
Chart-3,unknown,5
Chart-3,unknown,50
Chart-3,unknown,6
Chart-3,unknown,7
Chart-3,unknown,8
Chart-3,unknown,9
Chart-4,correct,1
Chart-4,correct,3
Chart-4,correct,4
Chart-4,overfitting,2
Chart-5,overfitting,2
Chart-5,overfitting,4
Chart-5,overfitting,6
Chart-5,unknown,0
Chart-5,unknown,1
Chart-5,unknown,2
Chart-5,unknown,3
Chart-5,unknown,4
Chart-5,unknown,5
Chart-5,unknown,6
Chart-5,unknown,7
Chart-5,unknown,8
Chart-5,unknown,9
Chart-7,correct,3
Chart-7,overfitting,1
Chart-7,overfitting,2
Chart-7,overfitting,3
Chart-7,overfitting,38
Chart-7,overfitting,39
Chart-7,overfitting,4
Chart-7,overfitting,40
Chart-7,overfitting,41
Chart-7,overfitting,42
Chart-7,overfitting,43
Chart-7,overfitting,44
Chart-7,overfitting,45
Chart-7,overfitting,46
Chart-7,overfitting,47
Chart-7,overfitting,48
Chart-7,overfitting,49
Chart-7,overfitting,5
Chart-7,overfitting,8
Chart-8,correct,1
Chart-9,correct,5
Chart-9,overfitting,10
Chart-9,overfitting,11
Chart-9,overfitting,12
Chart-9,overfitting,13
Chart-9,overfitting,4
Chart-9,overfitting,5
Chart-9,overfitting,6
Chart-9,overfitting,7
Chart-9,overfitting,8
Chart-9,overfitting,9
Closure-1,unknown,0
Closure-10,overfitting,391
Closure-10,unknown,0
Closure-10,unknown,1
Closure-10,unknown,2
Closure-106,unknown,0
Closure-106,unknown,1
Closure-109,unknown,0
Closure-109,unknown,1
Closure-109,unknown,2
Closure-109,unknown,3
Closure-109,unknown,4
Closure-109,unknown,5
Closure-109,unknown,6
Closure-109,unknown,7
Closure-109,unknown,8
Closure-114,unknown,0
Closure-114,unknown,1
Closure-115,overfitting,13
Closure-115,unknown,0
Closure-115,unknown,1
Closure-115,unknown,2
Closure-115,unknown,3
Closure-115,unknown,4
Closure-115,unknown,5
Closure-115,unknown,6
Closure-116,unknown,0
Closure-120,unknown,0
Closure-120,unknown,1
Closure-120,unknown,2
Closure-121,unknown,0
Closure-121,unknown,1
Closure-121,unknown,2
Closure-125,unknown,0
Closure-125,unknown,1
Closure-125,unknown,2
Closure-126,correct,12
Closure-126,correct,2
Closure-126,correct,3
Closure-126,correct,9
Closure-126,overfitting,3
Closure-126,overfitting,343
Closure-126,overfitting,344
Closure-126,overfitting,345
Closure-126,overfitting,346
Closure-126,overfitting,348
Closure-126,overfitting,349
Closure-126,overfitting,350
Closure-126,overfitting,351
Closure-126,overfitting,352
Closure-126,overfitting,353
Closure-126,overfitting,354
Closure-126,overfitting,355
Closure-126,overfitting,5
Closure-127,unknown,0
Closure-129,overfitting,2
Closure-129,overfitting,232
Closure-129,unknown,0
Closure-129,unknown,1
Closure-13,overfitting,2
Closure-13,unknown,0
Closure-13,unknown,1
Closure-130,unknown,0
Closure-130,unknown,1
Closure-130,unknown,10
Closure-130,unknown,11
Closure-130,unknown,12
Closure-130,unknown,13
Closure-130,unknown,14
Closure-130,unknown,15
Closure-130,unknown,16
Closure-130,unknown,17
Closure-130,unknown,18
Closure-130,unknown,19
Closure-130,unknown,2
Closure-130,unknown,20
Closure-130,unknown,21
Closure-130,unknown,3
Closure-130,unknown,4
Closure-130,unknown,5
Closure-130,unknown,6
Closure-130,unknown,7
Closure-130,unknown,8
Closure-130,unknown,9
Closure-131,unknown,0
Closure-131,unknown,1
Closure-132,unknown,0
Closure-14,correct,2
Closure-16,unknown,0
Closure-17,unknown,0
Closure-18,unknown,0
Closure-19,overfitting,2
Closure-2,correct,2
Closure-2,overfitting,4
Closure-2,overfitting,5
Closure-20,unknown,0
Closure-21,overfitting,25
Closure-21,overfitting,251
Closure-21,overfitting,252
Closure-21,overfitting,9
Closure-21,unknown,0
Closure-21,unknown,1
Closure-21,unknown,10
Closure-21,unknown,11
Closure-21,unknown,12
Closure-21,unknown,13
Closure-21,unknown,14
Closure-21,unknown,15
Closure-21,unknown,16
Closure-21,unknown,17
Closure-21,unknown,18
Closure-21,unknown,19
Closure-21,unknown,2
Closure-21,unknown,20
Closure-21,unknown,21
Closure-21,unknown,22
Closure-21,unknown,23
Closure-21,unknown,24
Closure-21,unknown,25
Closure-21,unknown,26
Closure-21,unknown,3
Closure-21,unknown,4
Closure-21,unknown,5
Closure-21,unknown,6
Closure-21,unknown,7
Closure-21,unknown,8
Closure-21,unknown,9
Closure-22,overfitting,0
Closure-22,overfitting,10
Closure-22,unknown,0
Closure-22,unknown,1
Closure-22,unknown,10
Closure-22,unknown,11
Closure-22,unknown,12
Closure-22,unknown,13
Closure-22,unknown,14
Closure-22,unknown,15
Closure-22,unknown,16
Closure-22,unknown,17
Closure-22,unknown,18
Closure-22,unknown,19
Closure-22,unknown,2
Closure-22,unknown,20
Closure-22,unknown,21
Closure-22,unknown,22
Closure-22,unknown,23
Closure-22,unknown,24
Closure-22,unknown,25
Closure-22,unknown,26
Closure-22,unknown,27
Closure-22,unknown,28
Closure-22,unknown,29
Closure-22,unknown,3
Closure-22,unknown,30
Closure-22,unknown,31
Closure-22,unknown,32
Closure-22,unknown,33
Closure-22,unknown,34
Closure-22,unknown,4
Closure-22,unknown,5
Closure-22,unknown,6
Closure-22,unknown,7
Closure-22,unknown,8
Closure-22,unknown,9
Closure-26,unknown,0
Closure-26,unknown,1
Closure-28,unknown,0
Closure-28,unknown,1
Closure-28,unknown,2
Closure-28,unknown,3
Closure-28,unknown,4
Closure-28,unknown,5
Closure-28,unknown,6
Closure-28,unknown,7
Closure-29,unknown,0
Closure-30,unknown,0
Closure-36,unknown,0
Closure-36,unknown,1
Closure-36,unknown,2
Closure-36,unknown,3
Closure-36,unknown,4
Closure-38,unknown,0
Closure-38,unknown,1
Closure-38,unknown,2
Closure-45,unknown,0
Closure-46,correct,1
Closure-46,correct,2
Closure-46,correct,4
Closure-46,overfitting,222
Closure-46,overfitting,223
Closure-46,overfitting,224
Closure-46,overfitting,225
Closure-46,overfitting,226
Closure-46,overfitting,227
Closure-46,overfitting,228
Closure-46,overfitting,229
Closure-46,overfitting,230
Closure-48,overfitting,2
Closure-49,unknown,0
Closure-49,unknown,1
Closure-5,unknown,0
Closure-50,unknown,0
Closure-57,correct,2
Closure-57,correct,3
Closure-57,overfitting,1
Closure-57,overfitting,2
Closure-59,unknown,0
Closure-59,unknown,1
Closure-60,unknown,0
Closure-61,unknown,0
Closure-62,correct,2
Closure-62,correct,3
Closure-62,correct,5
Closure-62,correct,6
Closure-62,overfitting,1
Closure-62,overfitting,10
Closure-62,overfitting,11
Closure-62,overfitting,12
Closure-62,overfitting,13
Closure-62,overfitting,14
Closure-62,overfitting,15
Closure-62,overfitting,3
Closure-62,overfitting,7
Closure-62,overfitting,8
Closure-62,overfitting,9
Closure-66,unknown,0
Closure-66,unknown,1
Closure-66,unknown,2
Closure-67,unknown,0
Closure-68,unknown,0
Closure-72,unknown,0
Closure-72,unknown,1
Closure-73,correct,4
Closure-73,correct,5
Closure-75,unknown,0
Closure-75,unknown,1
Closure-75,unknown,10
Closure-75,unknown,2
Closure-75,unknown,3
Closure-75,unknown,4
Closure-75,unknown,5
Closure-75,unknown,6
Closure-75,unknown,7
Closure-75,unknown,8
Closure-75,unknown,9
Closure-76,unknown,0
Closure-79,unknown,0
Closure-8,unknown,0
Closure-8,unknown,1
Closure-86,correct,1
Lang-10,correct,2
Lang-10,correct,6
Lang-10,correct,7
Lang-10,overfitting,3
Lang-10,overfitting,4
Lang-10,overfitting,5
Lang-10,overfitting,6
Lang-10,overfitting,7
Lang-10,overfitting,8
Lang-10,overfitting,9
Lang-22,unknown,0
Lang-22,unknown,1
Lang-33,correct,6
Lang-33,correct,7
Lang-33,correct,8
Lang-33,overfitting,0
Lang-33,overfitting,1
Lang-41,unknown,0
Lang-43,correct,3
Lang-43,correct,4
Lang-43,overfitting,101
Lang-43,overfitting,4
Lang-44,overfitting,3
Lang-44,overfitting,4
Lang-44,unknown,0
Lang-44,unknown,1
Lang-44,unknown,10
Lang-44,unknown,11
Lang-44,unknown,12
Lang-44,unknown,13
Lang-44,unknown,14
Lang-44,unknown,15
Lang-44,unknown,16
Lang-44,unknown,17
Lang-44,unknown,18
Lang-44,unknown,19
Lang-44,unknown,2
Lang-44,unknown,20
Lang-44,unknown,21
Lang-44,unknown,22
Lang-44,unknown,23
Lang-44,unknown,24
Lang-44,unknown,25
Lang-44,unknown,26
Lang-44,unknown,27
Lang-44,unknown,28
Lang-44,unknown,29
Lang-44,unknown,3
Lang-44,unknown,30
Lang-44,unknown,4
Lang-44,unknown,5
Lang-44,unknown,6
Lang-44,unknown,7
Lang-44,unknown,8
Lang-44,unknown,9
Lang-45,overfitting,3
Lang-45,unknown,0
Lang-45,unknown,1
Lang-45,unknown,2
Lang-46,overfitting,0
Lang-50,unknown,0
Lang-50,unknown,1
Lang-50,unknown,2
Lang-50,unknown,3
Lang-50,unknown,4
Lang-50,unknown,5
Lang-50,unknown,6
Lang-50,unknown,7
Lang-51,overfitting,10
Lang-51,overfitting,11
Lang-51,overfitting,136
Lang-51,overfitting,137
Lang-51,overfitting,154
Lang-51,overfitting,7
Lang-51,overfitting,8
Lang-51,overfitting,9
Lang-51,unknown,0
Lang-51,unknown,1
Lang-51,unknown,10
Lang-51,unknown,11
Lang-51,unknown,12
Lang-51,unknown,13
Lang-51,unknown,14
Lang-51,unknown,15
Lang-51,unknown,16
Lang-51,unknown,17
Lang-51,unknown,18
Lang-51,unknown,19
Lang-51,unknown,2
Lang-51,unknown,20
Lang-51,unknown,21
Lang-51,unknown,22
Lang-51,unknown,23
Lang-51,unknown,24
Lang-51,unknown,25
Lang-51,unknown,26
Lang-51,unknown,27
Lang-51,unknown,28
Lang-51,unknown,29
Lang-51,unknown,3
Lang-51,unknown,30
Lang-51,unknown,31
Lang-51,unknown,32
Lang-51,unknown,33
Lang-51,unknown,34
Lang-51,unknown,35
Lang-51,unknown,36
Lang-51,unknown,37
Lang-51,unknown,38
Lang-51,unknown,39
Lang-51,unknown,4
Lang-51,unknown,40
Lang-51,unknown,41
Lang-51,unknown,42
Lang-51,unknown,43
Lang-51,unknown,44
Lang-51,unknown,45
Lang-51,unknown,46
Lang-51,unknown,47
Lang-51,unknown,48
Lang-51,unknown,49
Lang-51,unknown,5
Lang-51,unknown,50
Lang-51,unknown,51
Lang-51,unknown,52
Lang-51,unknown,53
Lang-51,unknown,54
Lang-51,unknown,55
Lang-51,unknown,56
Lang-51,unknown,57
Lang-51,unknown,58
Lang-51,unknown,59
Lang-51,unknown,6
Lang-51,unknown,7
Lang-51,unknown,8
Lang-51,unknown,9
Lang-53,unknown,0
Lang-53,unknown,1
Lang-53,unknown,2
Lang-53,unknown,3
Lang-55,correct,3
Lang-55,correct,4
Lang-55,correct,5
Lang-55,correct,6
Lang-55,correct,7
Lang-55,overfitting,23
Lang-55,overfitting,24
Lang-55,overfitting,25
Lang-55,overfitting,26
Lang-55,overfitting,27
Lang-55,overfitting,28
Lang-55,overfitting,29
Lang-55,overfitting,30
Lang-57,correct,1
Lang-57,correct,2
Lang-57,correct,6
Lang-57,overfitting,0
Lang-57,overfitting,1
Lang-57,overfitting,2
Lang-58,correct,3
Lang-58,overfitting,1
Lang-58,overfitting,4
Lang-58,overfitting,5
Lang-58,overfitting,57
Lang-58,overfitting,58
Lang-58,overfitting,59
Lang-58,overfitting,6
Lang-58,overfitting,60
Lang-58,overfitting,61
Lang-58,overfitting,62
Lang-58,overfitting,63
Lang-58,overfitting,64
Lang-58,overfitting,65
Lang-58,overfitting,66
Lang-58,overfitting,67
Lang-58,overfitting,68
Lang-58,overfitting,69
Lang-58,overfitting,7
Lang-58,overfitting,70
Lang-58,overfitting,71
Lang-58,overfitting,72
Lang-58,overfitting,73
Lang-58,overfitting,74
Lang-58,overfitting,75
Lang-58,overfitting,76
Lang-58,overfitting,77
Lang-58,overfitting,78
Lang-58,overfitting,79
Lang-58,overfitting,80
Lang-58,overfitting,81
Lang-58,overfitting,82
Lang-58,overfitting,83
Lang-58,overfitting,84
Lang-58,overfitting,85
Lang-58,overfitting,86
Lang-58,overfitting,87
Lang-58,overfitting,88
Lang-58,overfitting,89
Lang-58,overfitting,9
Lang-58,overfitting,90
Lang-58,overfitting,91
Lang-58,overfitting,92
Lang-59,correct,1
Lang-59,overfitting,107
Lang-59,overfitting,108
Lang-59,overfitting,109
Lang-59,overfitting,110
Lang-59,overfitting,111
Lang-59,overfitting,112
Lang-59,overfitting,113
Lang-59,overfitting,114
Lang-59,overfitting,115
Lang-59,overfitting,116
Lang-59,overfitting,117
Lang-59,overfitting,118
Lang-59,overfitting,119
Lang-59,overfitting,120
Lang-59,overfitting,121
Lang-59,overfitting,122
Lang-59,overfitting,123
Lang-59,overfitting,124
Lang-59,overfitting,125
Lang-59,overfitting,126
Lang-59,overfitting,127
Lang-59,overfitting,128
Lang-59,overfitting,129
Lang-59,overfitting,130
Lang-59,overfitting,21
Lang-6,correct,1
Lang-60,unknown,0
Lang-60,unknown,1
Lang-60,unknown,2
Lang-60,unknown,3
Lang-60,unknown,4
Lang-60,unknown,5
Lang-63,overfitting,1
Lang-63,overfitting,14
Lang-63,overfitting,9
Lang-63,unknown,0
Lang-63,unknown,1
Lang-63,unknown,10
Lang-63,unknown,11
Lang-63,unknown,12
Lang-63,unknown,13
Lang-63,unknown,14
Lang-63,unknown,15
Lang-63,unknown,16
Lang-63,unknown,17
Lang-63,unknown,18
Lang-63,unknown,19
Lang-63,unknown,2
Lang-63,unknown,20
Lang-63,unknown,21
Lang-63,unknown,22
Lang-63,unknown,23
Lang-63,unknown,24
Lang-63,unknown,25
Lang-63,unknown,26
Lang-63,unknown,27
Lang-63,unknown,28
Lang-63,unknown,29
Lang-63,unknown,3
Lang-63,unknown,30
Lang-63,unknown,31
Lang-63,unknown,32
Lang-63,unknown,33
Lang-63,unknown,4
Lang-63,unknown,5
Lang-63,unknown,6
Lang-63,unknown,7
Lang-63,unknown,8
Lang-63,unknown,9
Lang-7,unknown,0
Lang-7,unknown,1
Lang-7,unknown,10
Lang-7,unknown,100
Lang-7,unknown,101
Lang-7,unknown,102
Lang-7,unknown,103
Lang-7,unknown,104
Lang-7,unknown,105
Lang-7,unknown,106
Lang-7,unknown,107
Lang-7,unknown,108
Lang-7,unknown,109
Lang-7,unknown,11
Lang-7,unknown,110
Lang-7,unknown,111
Lang-7,unknown,112
Lang-7,unknown,113
Lang-7,unknown,114
Lang-7,unknown,115
Lang-7,unknown,116
Lang-7,unknown,117
Lang-7,unknown,118
Lang-7,unknown,119
Lang-7,unknown,12
Lang-7,unknown,120
Lang-7,unknown,121
Lang-7,unknown,122
Lang-7,unknown,123
Lang-7,unknown,124
Lang-7,unknown,125
Lang-7,unknown,126
Lang-7,unknown,127
Lang-7,unknown,128
Lang-7,unknown,129
Lang-7,unknown,13
Lang-7,unknown,130
Lang-7,unknown,131
Lang-7,unknown,132
Lang-7,unknown,133
Lang-7,unknown,134
Lang-7,unknown,135
Lang-7,unknown,136
Lang-7,unknown,137
Lang-7,unknown,138
Lang-7,unknown,139
Lang-7,unknown,14
Lang-7,unknown,140
Lang-7,unknown,141
Lang-7,unknown,142
Lang-7,unknown,143
Lang-7,unknown,144
Lang-7,unknown,145
Lang-7,unknown,146
Lang-7,unknown,147
Lang-7,unknown,148
Lang-7,unknown,149
Lang-7,unknown,15
Lang-7,unknown,150
Lang-7,unknown,151
Lang-7,unknown,152
Lang-7,unknown,153
Lang-7,unknown,154
Lang-7,unknown,155
Lang-7,unknown,156
Lang-7,unknown,157
Lang-7,unknown,158
Lang-7,unknown,159
Lang-7,unknown,16
Lang-7,unknown,160
Lang-7,unknown,161
Lang-7,unknown,162
Lang-7,unknown,163
Lang-7,unknown,164
Lang-7,unknown,165
Lang-7,unknown,166
Lang-7,unknown,167
Lang-7,unknown,168
Lang-7,unknown,169
Lang-7,unknown,17
Lang-7,unknown,170
Lang-7,unknown,171
Lang-7,unknown,172
Lang-7,unknown,173
Lang-7,unknown,174
Lang-7,unknown,175
Lang-7,unknown,176
Lang-7,unknown,177
Lang-7,unknown,178
Lang-7,unknown,179
Lang-7,unknown,18
Lang-7,unknown,180
Lang-7,unknown,181
Lang-7,unknown,182
Lang-7,unknown,183
Lang-7,unknown,184
Lang-7,unknown,185
Lang-7,unknown,186
Lang-7,unknown,187
Lang-7,unknown,188
Lang-7,unknown,189
Lang-7,unknown,19
Lang-7,unknown,190
Lang-7,unknown,191
Lang-7,unknown,192
Lang-7,unknown,193
Lang-7,unknown,194
Lang-7,unknown,195
Lang-7,unknown,196
Lang-7,unknown,197
Lang-7,unknown,2
Lang-7,unknown,20
Lang-7,unknown,21
Lang-7,unknown,22
Lang-7,unknown,23
Lang-7,unknown,24
Lang-7,unknown,25
Lang-7,unknown,26
Lang-7,unknown,27
Lang-7,unknown,28
Lang-7,unknown,29
Lang-7,unknown,3
Lang-7,unknown,30
Lang-7,unknown,31
Lang-7,unknown,32
Lang-7,unknown,33
Lang-7,unknown,34
Lang-7,unknown,35
Lang-7,unknown,36
Lang-7,unknown,37
Lang-7,unknown,38
Lang-7,unknown,39
Lang-7,unknown,4
Lang-7,unknown,40
Lang-7,unknown,41
Lang-7,unknown,42
Lang-7,unknown,43
Lang-7,unknown,44
Lang-7,unknown,45
Lang-7,unknown,46
Lang-7,unknown,47
Lang-7,unknown,48
Lang-7,unknown,49
Lang-7,unknown,5
Lang-7,unknown,50
Lang-7,unknown,51
Lang-7,unknown,52
Lang-7,unknown,53
Lang-7,unknown,54
Lang-7,unknown,55
Lang-7,unknown,56
Lang-7,unknown,57
Lang-7,unknown,58
Lang-7,unknown,59
Lang-7,unknown,6
Lang-7,unknown,60
Lang-7,unknown,61
Lang-7,unknown,62
Lang-7,unknown,63
Lang-7,unknown,64
Lang-7,unknown,65
Lang-7,unknown,66
Lang-7,unknown,67
Lang-7,unknown,68
Lang-7,unknown,69
Lang-7,unknown,7
Lang-7,unknown,70
Lang-7,unknown,71
Lang-7,unknown,72
Lang-7,unknown,73
Lang-7,unknown,74
Lang-7,unknown,75
Lang-7,unknown,76
Lang-7,unknown,77
Lang-7,unknown,78
Lang-7,unknown,79
Lang-7,unknown,8
Lang-7,unknown,80
Lang-7,unknown,81
Lang-7,unknown,82
Lang-7,unknown,83
Lang-7,unknown,84
Lang-7,unknown,85
Lang-7,unknown,86
Lang-7,unknown,87
Lang-7,unknown,88
Lang-7,unknown,89
Lang-7,unknown,9
Lang-7,unknown,90
Lang-7,unknown,91
Lang-7,unknown,92
Lang-7,unknown,93
Lang-7,unknown,94
Lang-7,unknown,95
Lang-7,unknown,96
Lang-7,unknown,97
Lang-7,unknown,98
Lang-7,unknown,99
Math-101,overfitting,0
Math-101,unknown,0
Math-101,unknown,1
Math-101,unknown,2
Math-101,unknown,3
Math-105,overfitting,2
Math-105,unknown,0
Math-105,unknown,1
Math-11,correct,1
Math-11,correct,2
Math-11,correct,3
Math-15,overfitting,1
Math-18,unknown,0
Math-18,unknown,1
Math-18,unknown,10
Math-18,unknown,11
Math-18,unknown,12
Math-18,unknown,13
Math-18,unknown,2
Math-18,unknown,3
Math-18,unknown,4
Math-18,unknown,5
Math-18,unknown,6
Math-18,unknown,7
Math-18,unknown,8
Math-18,unknown,9
Math-2,overfitting,11
Math-2,overfitting,13
Math-2,overfitting,353
Math-2,unknown,0
Math-2,unknown,1
Math-2,unknown,2
Math-2,unknown,3
Math-2,unknown,4
Math-2,unknown,5
Math-2,unknown,6
Math-20,overfitting,15
Math-20,unknown,0
Math-20,unknown,1
Math-20,unknown,10
Math-20,unknown,11
Math-20,unknown,12
Math-20,unknown,2
Math-20,unknown,3
Math-20,unknown,4
Math-20,unknown,5
Math-20,unknown,6
Math-20,unknown,7
Math-20,unknown,8
Math-20,unknown,9
Math-24,unknown,0
Math-24,unknown,1
Math-24,unknown,10
Math-24,unknown,11
Math-24,unknown,12
Math-24,unknown,13
Math-24,unknown,14
Math-24,unknown,15
Math-24,unknown,16
Math-24,unknown,17
Math-24,unknown,18
Math-24,unknown,19
Math-24,unknown,2
Math-24,unknown,20
Math-24,unknown,3
Math-24,unknown,4
Math-24,unknown,5
Math-24,unknown,6
Math-24,unknown,7
Math-24,unknown,8
Math-24,unknown,9
Math-28,overfitting,10
Math-28,overfitting,16
Math-28,overfitting,2
Math-28,overfitting,24
Math-28,overfitting,3
Math-28,overfitting,319
Math-28,overfitting,4
Math-28,overfitting,5
Math-28,overfitting,7
Math-28,unknown,0
Math-28,unknown,1
Math-28,unknown,10
Math-28,unknown,100
Math-28,unknown,101
Math-28,unknown,102
Math-28,unknown,103
Math-28,unknown,104
Math-28,unknown,105
Math-28,unknown,106
Math-28,unknown,107
Math-28,unknown,108
Math-28,unknown,109
Math-28,unknown,11
Math-28,unknown,110
Math-28,unknown,111
Math-28,unknown,112
Math-28,unknown,113
Math-28,unknown,114
Math-28,unknown,115
Math-28,unknown,116
Math-28,unknown,117
Math-28,unknown,118
Math-28,unknown,119
Math-28,unknown,12
Math-28,unknown,120
Math-28,unknown,121
Math-28,unknown,122
Math-28,unknown,123
Math-28,unknown,124
Math-28,unknown,125
Math-28,unknown,126
Math-28,unknown,127
Math-28,unknown,128
Math-28,unknown,129
Math-28,unknown,13
Math-28,unknown,130
Math-28,unknown,131
Math-28,unknown,132
Math-28,unknown,133
Math-28,unknown,134
Math-28,unknown,135
Math-28,unknown,136
Math-28,unknown,137
Math-28,unknown,138
Math-28,unknown,139
Math-28,unknown,14
Math-28,unknown,140
Math-28,unknown,141
Math-28,unknown,142
Math-28,unknown,143
Math-28,unknown,144
Math-28,unknown,145
Math-28,unknown,146
Math-28,unknown,147
Math-28,unknown,148
Math-28,unknown,149
Math-28,unknown,15
Math-28,unknown,150
Math-28,unknown,151
Math-28,unknown,152
Math-28,unknown,153
Math-28,unknown,154
Math-28,unknown,155
Math-28,unknown,156
Math-28,unknown,157
Math-28,unknown,158
Math-28,unknown,159
Math-28,unknown,16
Math-28,unknown,160
Math-28,unknown,161
Math-28,unknown,162
Math-28,unknown,163
Math-28,unknown,164
Math-28,unknown,165
Math-28,unknown,166
Math-28,unknown,167
Math-28,unknown,168
Math-28,unknown,169
Math-28,unknown,17
Math-28,unknown,170
Math-28,unknown,171
Math-28,unknown,172
Math-28,unknown,173
Math-28,unknown,174
Math-28,unknown,175
Math-28,unknown,176
Math-28,unknown,177
Math-28,unknown,178
Math-28,unknown,179
Math-28,unknown,18
Math-28,unknown,180
Math-28,unknown,181
Math-28,unknown,182
Math-28,unknown,183
Math-28,unknown,184
Math-28,unknown,185
Math-28,unknown,186
Math-28,unknown,187
Math-28,unknown,188
Math-28,unknown,189
Math-28,unknown,19
Math-28,unknown,190
Math-28,unknown,191
Math-28,unknown,192
Math-28,unknown,193
Math-28,unknown,194
Math-28,unknown,195
Math-28,unknown,196
Math-28,unknown,197
Math-28,unknown,198
Math-28,unknown,199
Math-28,unknown,2
Math-28,unknown,20
Math-28,unknown,200
Math-28,unknown,201
Math-28,unknown,202
Math-28,unknown,203
Math-28,unknown,204
Math-28,unknown,205
Math-28,unknown,206
Math-28,unknown,207
Math-28,unknown,208
Math-28,unknown,209
Math-28,unknown,21
Math-28,unknown,210
Math-28,unknown,211
Math-28,unknown,212
Math-28,unknown,213
Math-28,unknown,214
Math-28,unknown,215
Math-28,unknown,216
Math-28,unknown,217
Math-28,unknown,218
Math-28,unknown,219
Math-28,unknown,22
Math-28,unknown,220
Math-28,unknown,221
Math-28,unknown,222
Math-28,unknown,223
Math-28,unknown,224
Math-28,unknown,225
Math-28,unknown,226
Math-28,unknown,227
Math-28,unknown,228
Math-28,unknown,229
Math-28,unknown,23
Math-28,unknown,230
Math-28,unknown,231
Math-28,unknown,24
Math-28,unknown,25
Math-28,unknown,26
Math-28,unknown,27
Math-28,unknown,28
Math-28,unknown,29
Math-28,unknown,3
Math-28,unknown,30
Math-28,unknown,31
Math-28,unknown,32
Math-28,unknown,33
Math-28,unknown,34
Math-28,unknown,35
Math-28,unknown,36
Math-28,unknown,37
Math-28,unknown,38
Math-28,unknown,39
Math-28,unknown,4
Math-28,unknown,40
Math-28,unknown,41
Math-28,unknown,42
Math-28,unknown,43
Math-28,unknown,44
Math-28,unknown,45
Math-28,unknown,46
Math-28,unknown,47
Math-28,unknown,48
Math-28,unknown,49
Math-28,unknown,5
Math-28,unknown,50
Math-28,unknown,51
Math-28,unknown,52
Math-28,unknown,53
Math-28,unknown,54
Math-28,unknown,55
Math-28,unknown,56
Math-28,unknown,57
Math-28,unknown,58
Math-28,unknown,59
Math-28,unknown,6
Math-28,unknown,60
Math-28,unknown,61
Math-28,unknown,62
Math-28,unknown,63
Math-28,unknown,64
Math-28,unknown,65
Math-28,unknown,66
Math-28,unknown,67
Math-28,unknown,68
Math-28,unknown,69
Math-28,unknown,7
Math-28,unknown,70
Math-28,unknown,71
Math-28,unknown,72
Math-28,unknown,73
Math-28,unknown,74
Math-28,unknown,75
Math-28,unknown,76
Math-28,unknown,77
Math-28,unknown,78
Math-28,unknown,79
Math-28,unknown,8
Math-28,unknown,80
Math-28,unknown,81
Math-28,unknown,82
Math-28,unknown,83
Math-28,unknown,84
Math-28,unknown,85
Math-28,unknown,86
Math-28,unknown,87
Math-28,unknown,88
Math-28,unknown,89
Math-28,unknown,9
Math-28,unknown,90
Math-28,unknown,91
Math-28,unknown,92
Math-28,unknown,93
Math-28,unknown,94
Math-28,unknown,95
Math-28,unknown,96
Math-28,unknown,97
Math-28,unknown,98
Math-28,unknown,99
Math-30,correct,1
Math-30,correct,2
Math-30,overfitting,1
Math-30,overfitting,2
Math-30,overfitting,3
Math-30,overfitting,4
Math-30,overfitting,5
Math-32,overfitting,2
Math-32,overfitting,3
Math-32,unknown,0
Math-33,correct,4
Math-33,correct,5
Math-33,correct,6
Math-33,overfitting,10
Math-33,overfitting,100
Math-33,overfitting,11
Math-33,overfitting,12
Math-33,overfitting,13
Math-33,overfitting,14
Math-33,overfitting,15
Math-33,overfitting,16
Math-33,overfitting,17
Math-33,overfitting,18
Math-33,overfitting,19
Math-33,overfitting,20
Math-33,overfitting,21
Math-33,overfitting,22
Math-33,overfitting,23
Math-33,overfitting,24
Math-33,overfitting,25
Math-33,overfitting,26
Math-33,overfitting,27
Math-33,overfitting,28
Math-33,overfitting,29
Math-33,overfitting,30
Math-33,overfitting,31
Math-33,overfitting,32
Math-33,overfitting,33
Math-33,overfitting,34
Math-33,overfitting,35
Math-33,overfitting,36
Math-33,overfitting,37
Math-33,overfitting,38
Math-33,overfitting,39
Math-33,overfitting,4
Math-33,overfitting,40
Math-33,overfitting,41
Math-33,overfitting,42
Math-33,overfitting,43
Math-33,overfitting,44
Math-33,overfitting,45
Math-33,overfitting,46
Math-33,overfitting,47
Math-33,overfitting,48
Math-33,overfitting,49
Math-33,overfitting,5
Math-33,overfitting,50
Math-33,overfitting,51
Math-33,overfitting,52
Math-33,overfitting,53
Math-33,overfitting,54
Math-33,overfitting,55
Math-33,overfitting,56
Math-33,overfitting,57
Math-33,overfitting,58
Math-33,overfitting,59
Math-33,overfitting,6
Math-33,overfitting,60
Math-33,overfitting,61
Math-33,overfitting,62
Math-33,overfitting,63
Math-33,overfitting,64
Math-33,overfitting,65
Math-33,overfitting,66
Math-33,overfitting,67
Math-33,overfitting,68
Math-33,overfitting,69
Math-33,overfitting,7
Math-33,overfitting,70
Math-33,overfitting,71
Math-33,overfitting,72
Math-33,overfitting,73
Math-33,overfitting,74
Math-33,overfitting,75
Math-33,overfitting,76
Math-33,overfitting,77
Math-33,overfitting,78
Math-33,overfitting,79
Math-33,overfitting,8
Math-33,overfitting,80
Math-33,overfitting,81
Math-33,overfitting,82
Math-33,overfitting,83
Math-33,overfitting,84
Math-33,overfitting,85
Math-33,overfitting,86
Math-33,overfitting,87
Math-33,overfitting,88
Math-33,overfitting,89
Math-33,overfitting,9
Math-33,overfitting,90
Math-33,overfitting,91
Math-33,overfitting,92
Math-33,overfitting,93
Math-33,overfitting,94
Math-33,overfitting,95
Math-33,overfitting,96
Math-33,overfitting,97
Math-33,overfitting,98
Math-33,overfitting,99
Math-34,correct,1
Math-35,unknown,0
Math-4,unknown,0
Math-4,unknown,1
Math-4,unknown,10
Math-4,unknown,100
Math-4,unknown,101
Math-4,unknown,102
Math-4,unknown,103
Math-4,unknown,104
Math-4,unknown,105
Math-4,unknown,106
Math-4,unknown,107
Math-4,unknown,108
Math-4,unknown,109
Math-4,unknown,11
Math-4,unknown,110
Math-4,unknown,111
Math-4,unknown,112
Math-4,unknown,113
Math-4,unknown,114
Math-4,unknown,115
Math-4,unknown,116
Math-4,unknown,117
Math-4,unknown,118
Math-4,unknown,119
Math-4,unknown,12
Math-4,unknown,120
Math-4,unknown,121
Math-4,unknown,122
Math-4,unknown,123
Math-4,unknown,13
Math-4,unknown,14
Math-4,unknown,15
Math-4,unknown,16
Math-4,unknown,17
Math-4,unknown,18
Math-4,unknown,19
Math-4,unknown,2
Math-4,unknown,20
Math-4,unknown,21
Math-4,unknown,22
Math-4,unknown,23
Math-4,unknown,24
Math-4,unknown,25
Math-4,unknown,26
Math-4,unknown,27
Math-4,unknown,28
Math-4,unknown,29
Math-4,unknown,3
Math-4,unknown,30
Math-4,unknown,31
Math-4,unknown,32
Math-4,unknown,33
Math-4,unknown,34
Math-4,unknown,35
Math-4,unknown,36
Math-4,unknown,37
Math-4,unknown,38
Math-4,unknown,39
Math-4,unknown,4
Math-4,unknown,40
Math-4,unknown,41
Math-4,unknown,42
Math-4,unknown,43
Math-4,unknown,44
Math-4,unknown,45
Math-4,unknown,46
Math-4,unknown,47
Math-4,unknown,48
Math-4,unknown,49
Math-4,unknown,5
Math-4,unknown,50
Math-4,unknown,51
Math-4,unknown,52
Math-4,unknown,53
Math-4,unknown,54
Math-4,unknown,55
Math-4,unknown,56
Math-4,unknown,57
Math-4,unknown,58
Math-4,unknown,59
Math-4,unknown,6
Math-4,unknown,60
Math-4,unknown,61
Math-4,unknown,62
Math-4,unknown,63
Math-4,unknown,64
Math-4,unknown,65
Math-4,unknown,66
Math-4,unknown,67
Math-4,unknown,68
Math-4,unknown,69
Math-4,unknown,7
Math-4,unknown,70
Math-4,unknown,71
Math-4,unknown,72
Math-4,unknown,73
Math-4,unknown,74
Math-4,unknown,75
Math-4,unknown,76
Math-4,unknown,77
Math-4,unknown,78
Math-4,unknown,79
Math-4,unknown,8
Math-4,unknown,80
Math-4,unknown,81
Math-4,unknown,82
Math-4,unknown,83
Math-4,unknown,84
Math-4,unknown,85
Math-4,unknown,86
Math-4,unknown,87
Math-4,unknown,88
Math-4,unknown,89
Math-4,unknown,9
Math-4,unknown,90
Math-4,unknown,91
Math-4,unknown,92
Math-4,unknown,93
Math-4,unknown,94
Math-4,unknown,95
Math-4,unknown,96
Math-4,unknown,97
Math-4,unknown,98
Math-4,unknown,99
Math-40,unknown,0
Math-40,unknown,1
Math-40,unknown,10
Math-40,unknown,11
Math-40,unknown,12
Math-40,unknown,2
Math-40,unknown,3
Math-40,unknown,4
Math-40,unknown,5
Math-40,unknown,6
Math-40,unknown,7
Math-40,unknown,8
Math-40,unknown,9
Math-41,overfitting,0
Math-41,overfitting,1
Math-41,overfitting,2
Math-41,unknown,0
Math-41,unknown,1
Math-41,unknown,10
Math-41,unknown,100
Math-41,unknown,101
Math-41,unknown,102
Math-41,unknown,103
Math-41,unknown,104
Math-41,unknown,105
Math-41,unknown,106
Math-41,unknown,107
Math-41,unknown,108
Math-41,unknown,109
Math-41,unknown,11
Math-41,unknown,110
Math-41,unknown,111
Math-41,unknown,112
Math-41,unknown,113
Math-41,unknown,114
Math-41,unknown,115
Math-41,unknown,116
Math-41,unknown,117
Math-41,unknown,118
Math-41,unknown,119
Math-41,unknown,12
Math-41,unknown,120
Math-41,unknown,121
Math-41,unknown,122
Math-41,unknown,123
Math-41,unknown,124
Math-41,unknown,125
Math-41,unknown,126
Math-41,unknown,127
Math-41,unknown,128
Math-41,unknown,129
Math-41,unknown,13
Math-41,unknown,130
Math-41,unknown,131
Math-41,unknown,132
Math-41,unknown,133
Math-41,unknown,134
Math-41,unknown,135
Math-41,unknown,136
Math-41,unknown,137
Math-41,unknown,138
Math-41,unknown,139
Math-41,unknown,14
Math-41,unknown,140
Math-41,unknown,141
Math-41,unknown,142
Math-41,unknown,143
Math-41,unknown,144
Math-41,unknown,145
Math-41,unknown,146
Math-41,unknown,147
Math-41,unknown,148
Math-41,unknown,149
Math-41,unknown,15
Math-41,unknown,150
Math-41,unknown,151
Math-41,unknown,152
Math-41,unknown,153
Math-41,unknown,154
Math-41,unknown,155
Math-41,unknown,156
Math-41,unknown,157
Math-41,unknown,158
Math-41,unknown,159
Math-41,unknown,16
Math-41,unknown,160
Math-41,unknown,161
Math-41,unknown,162
Math-41,unknown,163
Math-41,unknown,164
Math-41,unknown,165
Math-41,unknown,166
Math-41,unknown,167
Math-41,unknown,168
Math-41,unknown,169
Math-41,unknown,17
Math-41,unknown,170
Math-41,unknown,171
Math-41,unknown,172
Math-41,unknown,173
Math-41,unknown,174
Math-41,unknown,175
Math-41,unknown,18
Math-41,unknown,19
Math-41,unknown,2
Math-41,unknown,20
Math-41,unknown,21
Math-41,unknown,22
Math-41,unknown,23
Math-41,unknown,24
Math-41,unknown,25
Math-41,unknown,26
Math-41,unknown,27
Math-41,unknown,28
Math-41,unknown,29
Math-41,unknown,3
Math-41,unknown,30
Math-41,unknown,31
Math-41,unknown,32
Math-41,unknown,33
Math-41,unknown,34
Math-41,unknown,35
Math-41,unknown,36
Math-41,unknown,37
Math-41,unknown,38
Math-41,unknown,39
Math-41,unknown,4
Math-41,unknown,40
Math-41,unknown,41
Math-41,unknown,42
Math-41,unknown,43
Math-41,unknown,44
Math-41,unknown,45
Math-41,unknown,46
Math-41,unknown,47
Math-41,unknown,48
Math-41,unknown,49
Math-41,unknown,5
Math-41,unknown,50
Math-41,unknown,51
Math-41,unknown,52
Math-41,unknown,53
Math-41,unknown,54
Math-41,unknown,55
Math-41,unknown,56
Math-41,unknown,57
Math-41,unknown,58
Math-41,unknown,59
Math-41,unknown,6
Math-41,unknown,60
Math-41,unknown,61
Math-41,unknown,62
Math-41,unknown,63
Math-41,unknown,64
Math-41,unknown,65
Math-41,unknown,66
Math-41,unknown,67
Math-41,unknown,68
Math-41,unknown,69
Math-41,unknown,7
Math-41,unknown,70
Math-41,unknown,71
Math-41,unknown,72
Math-41,unknown,73
Math-41,unknown,74
Math-41,unknown,75
Math-41,unknown,76
Math-41,unknown,77
Math-41,unknown,78
Math-41,unknown,79
Math-41,unknown,8
Math-41,unknown,80
Math-41,unknown,81
Math-41,unknown,82
Math-41,unknown,83
Math-41,unknown,84
Math-41,unknown,85
Math-41,unknown,86
Math-41,unknown,87
Math-41,unknown,88
Math-41,unknown,89
Math-41,unknown,9
Math-41,unknown,90
Math-41,unknown,91
Math-41,unknown,92
Math-41,unknown,93
Math-41,unknown,94
Math-41,unknown,95
Math-41,unknown,96
Math-41,unknown,97
Math-41,unknown,98
Math-41,unknown,99
Math-42,overfitting,1
Math-42,unknown,0
Math-42,unknown,1
Math-42,unknown,2
Math-42,unknown,3
Math-42,unknown,4
Math-42,unknown,5
Math-42,unknown,6
Math-42,unknown,7
Math-42,unknown,8
Math-44,unknown,0
Math-46,unknown,0
Math-46,unknown,1
Math-46,unknown,2
Math-46,unknown,3
Math-46,unknown,4
Math-46,unknown,5
Math-46,unknown,6
Math-46,unknown,7
Math-46,unknown,8
Math-46,unknown,9
Math-49,overfitting,11
Math-49,overfitting,12
Math-49,overfitting,14
Math-49,overfitting,176
Math-49,unknown,0
Math-49,unknown,1
Math-49,unknown,2
Math-49,unknown,3
Math-49,unknown,4
Math-49,unknown,5
Math-49,unknown,6
Math-49,unknown,7
Math-5,correct,2
Math-5,correct,5
Math-5,correct,8
Math-50,correct,10
Math-50,correct,45
Math-50,correct,46
Math-50,correct,47
Math-50,correct,48
Math-50,correct,49
Math-50,correct,50
Math-50,correct,51
Math-50,correct,52
Math-50,overfitting,3
Math-50,overfitting,343
Math-50,overfitting,344
Math-50,overfitting,345
Math-50,overfitting,346
Math-50,overfitting,347
Math-50,overfitting,348
Math-50,overfitting,349
Math-50,overfitting,350
Math-50,overfitting,351
Math-50,overfitting,352
Math-50,overfitting,353
Math-50,overfitting,354
Math-50,overfitting,355
Math-50,overfitting,356
Math-50,overfitting,357
Math-50,overfitting,358
Math-50,overfitting,359
Math-50,overfitting,360
Math-50,overfitting,361
Math-50,overfitting,362
Math-50,overfitting,363
Math-50,overfitting,364
Math-50,overfitting,365
Math-50,overfitting,366
Math-50,overfitting,367
Math-50,overfitting,368
Math-50,overfitting,369
Math-50,overfitting,370
Math-50,overfitting,371
Math-50,overfitting,372
Math-50,overfitting,373
Math-50,overfitting,374
Math-50,overfitting,375
Math-50,overfitting,376
Math-50,overfitting,377
Math-50,overfitting,378
Math-50,overfitting,379
Math-50,overfitting,380
Math-50,overfitting,381
Math-50,overfitting,382
Math-50,overfitting,383
Math-50,overfitting,384
Math-50,overfitting,385
Math-50,overfitting,386
Math-50,overfitting,387
Math-50,overfitting,388
Math-50,overfitting,389
Math-50,overfitting,390
Math-50,overfitting,391
Math-50,overfitting,392
Math-50,overfitting,393
Math-50,overfitting,394
Math-50,overfitting,395
Math-50,overfitting,396
Math-50,overfitting,397
Math-50,overfitting,398
Math-50,overfitting,399
Math-50,overfitting,6
Math-50,overfitting,9
Math-53,correct,7
Math-53,overfitting,8
Math-53,overfitting,9
Math-57,correct,1
Math-57,correct,2
Math-57,overfitting,0
Math-57,overfitting,4
Math-58,correct,1
Math-58,overfitting,136
Math-58,overfitting,137
Math-58,overfitting,138
Math-58,overfitting,139
Math-58,overfitting,140
Math-58,overfitting,141
Math-58,overfitting,142
Math-58,overfitting,143
Math-58,overfitting,144
Math-58,overfitting,145
Math-58,overfitting,146
Math-58,overfitting,147
Math-58,overfitting,148
Math-58,overfitting,149
Math-58,overfitting,150
Math-58,overfitting,151
Math-58,overfitting,152
Math-59,correct,1
Math-59,correct,4
Math-6,overfitting,2
Math-6,overfitting,3
Math-6,unknown,0
Math-60,unknown,0
Math-62,overfitting,0
Math-62,overfitting,1
Math-62,unknown,0
Math-62,unknown,1
Math-62,unknown,10
Math-62,unknown,11
Math-62,unknown,12
Math-62,unknown,13
Math-62,unknown,14
Math-62,unknown,2
Math-62,unknown,3
Math-62,unknown,4
Math-62,unknown,5
Math-62,unknown,6
Math-62,unknown,7
Math-62,unknown,8
Math-62,unknown,9
Math-63,overfitting,10
Math-63,overfitting,12
Math-63,overfitting,13
Math-63,unknown,0
Math-63,unknown,1
Math-63,unknown,10
Math-63,unknown,11
Math-63,unknown,12
Math-63,unknown,13
Math-63,unknown,14
Math-63,unknown,15
Math-63,unknown,16
Math-63,unknown,17
Math-63,unknown,18
Math-63,unknown,19
Math-63,unknown,2
Math-63,unknown,20
Math-63,unknown,21
Math-63,unknown,22
Math-63,unknown,23
Math-63,unknown,24
Math-63,unknown,25
Math-63,unknown,26
Math-63,unknown,27
Math-63,unknown,3
Math-63,unknown,4
Math-63,unknown,5
Math-63,unknown,6
Math-63,unknown,7
Math-63,unknown,8
Math-63,unknown,9
Math-64,overfitting,1
Math-64,unknown,0
Math-64,unknown,1
Math-65,correct,2
Math-69,overfitting,0
Math-69,unknown,0
Math-69,unknown,1
Math-69,unknown,2
Math-7,overfitting,0
Math-7,unknown,0
Math-7,unknown,1
Math-7,unknown,2
Math-7,unknown,3
Math-7,unknown,4
Math-7,unknown,5
Math-70,correct,1
Math-70,correct,4
Math-70,correct,6
Math-70,overfitting,143
Math-70,overfitting,144
Math-70,overfitting,145
Math-71,overfitting,1
Math-71,unknown,0
Math-71,unknown,1
Math-71,unknown,2
Math-71,unknown,3
Math-71,unknown,4
Math-72,unknown,0
Math-72,unknown,1
Math-72,unknown,10
Math-72,unknown,11
Math-72,unknown,12
Math-72,unknown,13
Math-72,unknown,2
Math-72,unknown,3
Math-72,unknown,4
Math-72,unknown,5
Math-72,unknown,6
Math-72,unknown,7
Math-72,unknown,8
Math-72,unknown,9
Math-73,overfitting,3
Math-73,overfitting,6
Math-73,unknown,0
Math-73,unknown,1
Math-73,unknown,10
Math-73,unknown,11
Math-73,unknown,12
Math-73,unknown,2
Math-73,unknown,3
Math-73,unknown,4
Math-73,unknown,5
Math-73,unknown,6
Math-73,unknown,7
Math-73,unknown,8
Math-73,unknown,9
Math-75,correct,1
Math-75,correct,3
Math-78,unknown,0
Math-78,unknown,1
Math-78,unknown,10
Math-78,unknown,11
Math-78,unknown,12
Math-78,unknown,13
Math-78,unknown,14
Math-78,unknown,15
Math-78,unknown,16
Math-78,unknown,17
Math-78,unknown,18
Math-78,unknown,19
Math-78,unknown,2
Math-78,unknown,20
Math-78,unknown,21
Math-78,unknown,3
Math-78,unknown,4
Math-78,unknown,5
Math-78,unknown,6
Math-78,unknown,7
Math-78,unknown,8
Math-78,unknown,9
Math-79,correct,3
Math-79,overfitting,0
Math-79,overfitting,1
Math-79,overfitting,2
Math-8,overfitting,0
Math-8,overfitting,10
Math-8,overfitting,12
Math-8,overfitting,4
Math-8,unknown,0
Math-8,unknown,1
Math-8,unknown,2
Math-80,correct,1
Math-80,overfitting,0
Math-80,overfitting,1209
Math-80,overfitting,1269
Math-80,overfitting,1270
Math-80,overfitting,1271
Math-80,overfitting,1272
Math-80,overfitting,1273
Math-80,overfitting,1274
Math-80,overfitting,1275
Math-80,overfitting,1276
Math-80,overfitting,1277
Math-80,overfitting,1278
Math-80,overfitting,1279
Math-80,overfitting,1280
Math-80,overfitting,1281
Math-80,overfitting,1282
Math-80,overfitting,1283
Math-80,overfitting,1284
Math-80,overfitting,1285
Math-80,overfitting,1286
Math-80,overfitting,1287
Math-80,overfitting,1288
Math-80,overfitting,1289
Math-80,overfitting,1290
Math-80,overfitting,1291
Math-80,overfitting,1292
Math-80,overfitting,1293
Math-80,overfitting,1294
Math-80,overfitting,1295
Math-80,overfitting,1296
Math-80,overfitting,1297
Math-80,overfitting,1298
Math-80,overfitting,1299
Math-80,overfitting,1300
Math-80,overfitting,16
Math-80,overfitting,29
Math-80,overfitting,32
Math-80,overfitting,37
Math-81,overfitting,1093
Math-81,overfitting,1125
Math-81,overfitting,1131
Math-81,overfitting,15
Math-81,overfitting,17
Math-81,overfitting,181
Math-81,overfitting,7
Math-81,unknown,0
Math-81,unknown,1
Math-81,unknown,10
Math-81,unknown,100
Math-81,unknown,101
Math-81,unknown,102
Math-81,unknown,103
Math-81,unknown,104
Math-81,unknown,105
Math-81,unknown,106
Math-81,unknown,107
Math-81,unknown,108
Math-81,unknown,109
Math-81,unknown,11
Math-81,unknown,110
Math-81,unknown,111
Math-81,unknown,112
Math-81,unknown,113
Math-81,unknown,114
Math-81,unknown,115
Math-81,unknown,116
Math-81,unknown,117
Math-81,unknown,118
Math-81,unknown,119
Math-81,unknown,12
Math-81,unknown,120
Math-81,unknown,121
Math-81,unknown,122
Math-81,unknown,123
Math-81,unknown,124
Math-81,unknown,125
Math-81,unknown,126
Math-81,unknown,127
Math-81,unknown,128
Math-81,unknown,129
Math-81,unknown,13
Math-81,unknown,130
Math-81,unknown,131
Math-81,unknown,132
Math-81,unknown,133
Math-81,unknown,134
Math-81,unknown,135
Math-81,unknown,136
Math-81,unknown,137
Math-81,unknown,138
Math-81,unknown,139
Math-81,unknown,14
Math-81,unknown,140
Math-81,unknown,141
Math-81,unknown,142
Math-81,unknown,143
Math-81,unknown,15
Math-81,unknown,16
Math-81,unknown,17
Math-81,unknown,18
Math-81,unknown,19
Math-81,unknown,2
Math-81,unknown,20
Math-81,unknown,21
Math-81,unknown,22
Math-81,unknown,23
Math-81,unknown,24
Math-81,unknown,25
Math-81,unknown,26
Math-81,unknown,27
Math-81,unknown,28
Math-81,unknown,29
Math-81,unknown,3
Math-81,unknown,30
Math-81,unknown,31
Math-81,unknown,32
Math-81,unknown,33
Math-81,unknown,34
Math-81,unknown,35
Math-81,unknown,36
Math-81,unknown,37
Math-81,unknown,38
Math-81,unknown,39
Math-81,unknown,4
Math-81,unknown,40
Math-81,unknown,41
Math-81,unknown,42
Math-81,unknown,43
Math-81,unknown,44
Math-81,unknown,45
Math-81,unknown,46
Math-81,unknown,47
Math-81,unknown,48
Math-81,unknown,49
Math-81,unknown,5
Math-81,unknown,50
Math-81,unknown,51
Math-81,unknown,52
Math-81,unknown,53
Math-81,unknown,54
Math-81,unknown,55
Math-81,unknown,56
Math-81,unknown,57
Math-81,unknown,58
Math-81,unknown,59
Math-81,unknown,6
Math-81,unknown,60
Math-81,unknown,61
Math-81,unknown,62
Math-81,unknown,63
Math-81,unknown,64
Math-81,unknown,65
Math-81,unknown,66
Math-81,unknown,67
Math-81,unknown,68
Math-81,unknown,69
Math-81,unknown,7
Math-81,unknown,70
Math-81,unknown,71
Math-81,unknown,72
Math-81,unknown,73
Math-81,unknown,74
Math-81,unknown,75
Math-81,unknown,76
Math-81,unknown,77
Math-81,unknown,78
Math-81,unknown,79
Math-81,unknown,8
Math-81,unknown,80
Math-81,unknown,81
Math-81,unknown,82
Math-81,unknown,83
Math-81,unknown,84
Math-81,unknown,85
Math-81,unknown,86
Math-81,unknown,87
Math-81,unknown,88
Math-81,unknown,89
Math-81,unknown,9
Math-81,unknown,90
Math-81,unknown,91
Math-81,unknown,92
Math-81,unknown,93
Math-81,unknown,94
Math-81,unknown,95
Math-81,unknown,96
Math-81,unknown,97
Math-81,unknown,98
Math-81,unknown,99
Math-82,correct,1
Math-82,correct,8
Math-82,overfitting,0
Math-82,overfitting,2
Math-82,overfitting,55
Math-82,overfitting,56
Math-82,overfitting,57
Math-82,overfitting,58
Math-82,overfitting,59
Math-82,overfitting,60
Math-82,overfitting,61
Math-82,overfitting,62
Math-82,overfitting,63
Math-82,overfitting,64
Math-82,overfitting,65
Math-82,overfitting,66
Math-82,overfitting,67
Math-82,overfitting,68
Math-82,overfitting,69
Math-84,overfitting,2
Math-84,overfitting,7
Math-84,unknown,0
Math-84,unknown,1
Math-84,unknown,2
Math-84,unknown,3
Math-84,unknown,4
Math-85,correct,1
Math-85,correct,6
Math-85,correct,7
Math-85,overfitting,0
Math-85,overfitting,1
Math-85,overfitting,25
Math-85,overfitting,27
Math-85,overfitting,3
Math-85,overfitting,30
Math-85,overfitting,33
Math-85,overfitting,371
Math-85,overfitting,372
Math-85,overfitting,373
Math-85,overfitting,374
Math-85,overfitting,375
Math-85,overfitting,376
Math-85,overfitting,377
Math-85,overfitting,378
Math-85,overfitting,379
Math-85,overfitting,380
Math-85,overfitting,381
Math-85,overfitting,382
Math-85,overfitting,383
Math-85,overfitting,384
Math-85,overfitting,385
Math-85,overfitting,386
Math-85,overfitting,387
Math-85,overfitting,388
Math-85,overfitting,389
Math-85,overfitting,390
Math-85,overfitting,391
Math-85,overfitting,392
Math-85,overfitting,393
Math-85,overfitting,394
Math-85,overfitting,395
Math-85,overfitting,396
Math-85,overfitting,397
Math-85,overfitting,398
Math-85,overfitting,399
Math-85,overfitting,400
Math-85,overfitting,401
Math-85,overfitting,402
Math-85,overfitting,403
Math-85,overfitting,404
Math-85,overfitting,405
Math-85,overfitting,406
Math-85,overfitting,407
Math-85,overfitting,408
Math-85,overfitting,409
Math-85,overfitting,410
Math-87,unknown,0
Math-87,unknown,1
Math-88,overfitting,0
Math-88,overfitting,4
Math-88,unknown,0
Math-88,unknown,1
Math-88,unknown,2
Math-88,unknown,3
Math-89,correct,2
Math-95,overfitting,0
Math-95,overfitting,10
Math-95,overfitting,2
Math-95,overfitting,8
Math-95,unknown,0
Math-95,unknown,1
Math-95,unknown,10
Math-95,unknown,11
Math-95,unknown,12
Math-95,unknown,13
Math-95,unknown,14
Math-95,unknown,15
Math-95,unknown,16
Math-95,unknown,17
Math-95,unknown,18
Math-95,unknown,19
Math-95,unknown,2
Math-95,unknown,20
Math-95,unknown,21
Math-95,unknown,22
Math-95,unknown,23
Math-95,unknown,24
Math-95,unknown,25
Math-95,unknown,3
Math-95,unknown,4
Math-95,unknown,5
Math-95,unknown,6
Math-95,unknown,7
Math-95,unknown,8
Math-95,unknown,9
Math-96,overfitting,0
Math-97,overfitting,1
Math-97,unknown,0
Math-97,unknown,1
Math-97,unknown,2
Math-97,unknown,3
Math-97,unknown,4
Math-97,unknown,5
Math-97,unknown,6
Math-97,unknown,7
Math-97,unknown,8
Math-98,unknown,0
Math-98,unknown,1
Math-98,unknown,2
Math-98,unknown,3
Math-98,unknown,4
Math-98,unknown,5
Math-98,unknown,6
Math-98,unknown,7
Math-98,unknown,8
Math-98,unknown,9
Mockito-29,correct,1
Mockito-29,overfitting,0
Mockito-29,overfitting,1
Mockito-29,overfitting,2
Mockito-38,correct,1
Mockito-38,correct,2
Mockito-38,correct,3
Time-11,overfitting,10
Time-11,unknown,0
Time-11,unknown,1
Time-11,unknown,10
Time-11,unknown,11
Time-11,unknown,12
Time-11,unknown,13
Time-11,unknown,14
Time-11,unknown,2
Time-11,unknown,3
Time-11,unknown,4
Time-11,unknown,5
Time-11,unknown,6
Time-11,unknown,7
Time-11,unknown,8
Time-11,unknown,9
Time-12,unknown,0
Time-12,unknown,1
Time-14,unknown,0
Time-16,unknown,0
Time-16,unknown,1
Time-16,unknown,2
Time-16,unknown,3
Time-17,unknown,0
Time-18,unknown,0
Time-18,unknown,1
Time-18,unknown,10
Time-18,unknown,11
Time-18,unknown,12
Time-18,unknown,13
Time-18,unknown,14
Time-18,unknown,15
Time-18,unknown,16
Time-18,unknown,17
Time-18,unknown,18
Time-18,unknown,19
Time-18,unknown,2
Time-18,unknown,20
Time-18,unknown,21
Time-18,unknown,22
Time-18,unknown,23
Time-18,unknown,24
Time-18,unknown,25
Time-18,unknown,26
Time-18,unknown,27
Time-18,unknown,28
Time-18,unknown,29
Time-18,unknown,3
Time-18,unknown,30
Time-18,unknown,31
Time-18,unknown,32
Time-18,unknown,33
Time-18,unknown,34
Time-18,unknown,35
Time-18,unknown,36
Time-18,unknown,37
Time-18,unknown,38
Time-18,unknown,39
Time-18,unknown,4
Time-18,unknown,40
Time-18,unknown,5
Time-18,unknown,6
Time-18,unknown,7
Time-18,unknown,8
Time-18,unknown,9
Time-19,unknown,0
Time-19,unknown,1
Time-4,unknown,0
Time-4,unknown,1
Time-4,unknown,10
Time-4,unknown,11
Time-4,unknown,12
Time-4,unknown,13
Time-4,unknown,14
Time-4,unknown,15
Time-4,unknown,16
Time-4,unknown,17
Time-4,unknown,2
Time-4,unknown,3
Time-4,unknown,4
Time-4,unknown,5
Time-4,unknown,6
Time-4,unknown,7
Time-4,unknown,8
Time-4,unknown,9
Time-7,correct,1
Time-7,correct,2
Time-7,overfitting,0
Time-7,overfitting,1
Time-7,overfitting,2
Time-7,overfitting,3
